event_count,trial,seed,variant,build_order,service_index,correlation_index,service_count,query_samples,cold_open_samples,ingest_seconds,ingest_us_per_event,ingest_events_per_second,ingest_time_ratio_to_full,ingest_time_reduction_vs_full_percent,database_bytes,database_bytes_per_event,database_size_ratio_to_full,database_bytes_reduction_vs_full_percent,dbstat_available,dbstat_table_bytes,dbstat_unique_autoindex_bytes,dbstat_retained_source_index_bytes,dbstat_lookup_index_bytes,warm_service_p50_ms,warm_service_p95_ms,warm_service_p95_ratio_to_full,warm_correlation_p50_ms,warm_correlation_p95_ms,warm_correlation_p95_ratio_to_full,cold_open_service_p95_ms,cold_open_service_p95_ratio_to_full,cold_open_correlation_p95_ms,cold_open_correlation_p95_ratio_to_full,verified_warm_queries,verified_warm_rows,verified_cold_open_queries,verified_cold_open_rows,full_projection_rows,full_projection_sha256,all_outputs_equivalent,integrity_check,user_indexes
10000,1,9238,full_indexes,1,1,1,200,300,20,0.0460108749975916,4.60108749975916,217339.92236668922,1.0,0.0,4149248,414.9248,1.0,0.0,1,2572288,196608,425984,946176,0.0581875,0.06752920000000001,1.0,0.015125,0.0235,1.0,0.24427920000000003,1.0,0.20115270000000002,1.0,600,16760,40,1116,10000,c049a5acd7cc9892faf0680a313220cd71cda021d6dc7ff21dfca84402eb7e7c,1,ok,ev_correlation;ev_service_time;ev_source_time
10000,1,9238,no_service_index,2,0,1,200,300,20,0.04619233300036285,4.619233300036285,216486.14283936357,1.0039438068235118,-0.39438068235118084,3723264,372.3264,0.8973346495557749,10.26653504442251,1,2572288,196608,425984,520192,0.318229,0.3478191,5.150647423633035,0.014375,0.019889600000000004,0.8463659574468086,1.11407085,4.560645564583476,0.12303925000000002,0.6116708848551374,600,16760,40,1116,10000,c049a5acd7cc9892faf0680a313220cd71cda021d6dc7ff21dfca84402eb7e7c,1,ok,ev_correlation;ev_source_time
10000,1,9238,no_correlation_index,3,1,0,200,300,20,0.04270529199857265,4.270529199857265,234163.01661944456,0.9281564847616574,7.184351523834264,3629056,362.9056,0.8746298124383021,12.537018756169793,1,2572288,196608,425984,425984,0.057708,0.06779725,1.003969393980678,0.3310415,0.3694122,15.719668085106385,0.31522915,1.2904461370431866,1.0074292,5.008280773760432,600,16760,40,1116,10000,c049a5acd7cc9892faf0680a313220cd71cda021d6dc7ff21dfca84402eb7e7c,1,ok,ev_service_time;ev_source_time
10000,1,9238,no_lookup_indexes,4,0,0,200,300,20,0.03865341699565761,3.865341699565761,258709.34000798475,0.840093064904349,15.990693509565101,3203072,320.3072,0.771964461994077,22.8035538005923,1,2572288,196608,425984,0,0.3205835,0.35120975,5.200857554954004,0.32191650000000005,0.36238125,15.420478723404255,0.9949642500000001,4.073061685153709,0.9982170000000001,4.962483725050671,600,16760,40,1116,10000,c049a5acd7cc9892faf0680a313220cd71cda021d6dc7ff21dfca84402eb7e7c,1,ok,ev_source_time
10000,2,9339,full_indexes,4,1,1,200,300,20,0.0459365419956157,4.59365419956157,217691.61468345672,1.0,0.0,4149248,414.9248,1.0,0.0,1,2572288,196608,425984,946176,0.0615415,0.0778351,1.0,0.0171665,0.03178125000000001,1.0,0.2515625000000001,1.0,0.15519550000000001,1.0,600,16796,40,1104,10000,502934cdc73deb8de8de1d32a6be7d2538ce629dc503292fc4e595adc652abd9,1,ok,ev_correlation;ev_service_time;ev_source_time
10000,2,9339,no_service_index,1,0,1,200,300,20,0.04132150000077672,4.132150000077672,242004.76748937066,0.8995344056311543,10.046559436884571,3723264,372.3264,0.8973346495557749,10.26653504442251,1,2572288,196608,425984,520192,0.33104199999999995,0.3700705,4.754545185912268,0.0160415,0.024575300000000008,0.7732641101278269,1.0219514500000002,4.062415701863354,0.13425595,0.8650763069805504,600,16796,40,1104,10000,502934cdc73deb8de8de1d32a6be7d2538ce629dc503292fc4e595adc652abd9,1,ok,ev_correlation;ev_source_time
10000,2,9339,no_correlation_index,2,1,0,200,300,20,0.044031416007783264,4.403141600778326,227110.57028536938,0.9585270047533342,4.147299524666581,3629056,362.9056,0.8746298124383021,12.537018756169793,1,2572288,196608,425984,425984,0.0608125,0.0751354,0.9653151341746847,0.34497900000000004,0.44124405000000005,13.88378525073746,0.33883365,1.3469163726708069,1.09070835,7.027963761835878,600,16796,40,1104,10000,502934cdc73deb8de8de1d32a6be7d2538ce629dc503292fc4e595adc652abd9,1,ok,ev_service_time;ev_source_time
10000,2,9339,no_lookup_indexes,3,0,0,200,300,20,0.03989808300684672,3.989808300684672,250638.60833323616,0.8685478112535048,13.145218874649522,3203072,320.3072,0.771964461994077,22.8035538005923,1,2572288,196608,425984,0,0.3295205,0.3637979,4.673956865218905,0.331125,0.40608305,12.777441101278265,1.0065402499999998,4.001153788819874,0.9925809,6.395680931470306,600,16796,40,1104,10000,502934cdc73deb8de8de1d32a6be7d2538ce629dc503292fc4e595adc652abd9,1,ok,ev_source_time
10000,3,9440,full_indexes,3,1,1,200,300,20,0.04536766700039152,4.536766700039152,220421.29695392316,1.0,0.0,4149248,414.9248,1.0,0.0,1,2572288,196608,425984,946176,0.061104,0.07528960000000001,1.0,0.0160415,0.0221375,1.0,0.20392055000000006,1.0,0.1180006,1.0,600,16772,40,1122,10000,a91a39530589cf5c905fdab381f87176cca952b2ac42815c2e323d1f9b47f277,1,ok,ev_correlation;ev_service_time;ev_source_time
10000,3,9440,no_service_index,4,0,1,200,300,20,0.04255275000468828,4.255275000468828,235002.43812440426,0.9379532344989451,6.204676550105493,3723264,372.3264,0.8973346495557749,10.26653504442251,1,2572288,196608,425984,520192,0.33052099999999995,0.37142325,4.933261034724582,0.015125,0.020844400000000003,0.941587803500847,0.9462268,4.640173832406787,0.14363330000000005,1.2172251666516953,600,16772,40,1122,10000,a91a39530589cf5c905fdab381f87176cca952b2ac42815c2e323d1f9b47f277,1,ok,ev_correlation;ev_source_time
10000,3,9440,no_correlation_index,1,1,0,200,300,20,0.043885999999474734,4.388599999947473,227863.09985233762,0.9673409038004093,3.265909619959073,3629056,362.9056,0.8746298124383021,12.537018756169793,1,2572288,196608,425984,425984,0.0609165,0.07365,0.9782227558653517,0.340125,0.3774232,17.04904347826087,0.1763,0.8645523955285525,0.9453214499999999,8.011157994111894,600,16772,40,1122,10000,a91a39530589cf5c905fdab381f87176cca952b2ac42815c2e323d1f9b47f277,1,ok,ev_service_time;ev_source_time
10000,3,9440,no_lookup_indexes,2,0,0,200,300,20,0.03890012500050943,3.8900125000509433,257068.58268113638,0.857441600428202,14.255839957179795,3203072,320.3072,0.771964461994077,22.8035538005923,1,2572288,196608,425984,0,0.32864550000000003,0.366025,4.861561224923494,0.3282085,0.35768365,16.157364201016374,1.03787465,5.089603034122847,0.9820118500000001,8.322092006311834,600,16772,40,1122,10000,a91a39530589cf5c905fdab381f87176cca952b2ac42815c2e323d1f9b47f277,1,ok,ev_source_time
10000,4,9541,full_indexes,2,1,1,200,300,20,0.04711749999842141,4.711749999842141,212235.36903135848,1.0,0.0,4149248,414.9248,1.0,0.0,1,2572288,196608,425984,946176,0.059125,0.07579790000000002,1.0,0.015625,0.023070850000000014,1.0,0.2000722500000001,1.0,0.12320800000000007,1.0,600,16776,40,1116,10000,d073173af0bcbcf73931202e570f061e54a60a30577d3421ae4cd9710d945be7,1,ok,ev_correlation;ev_service_time;ev_source_time
10000,4,9541,no_service_index,3,0,1,200,300,20,0.04323275000206195,4.323275000206195,231306.12786656086,0.9175518650928082,8.244813490719183,3723264,372.3264,0.8973346495557749,10.26653504442251,1,2572288,196608,425984,520192,0.3269795,0.4091625,5.398071714387864,0.014875,0.01954105,0.8470017359568455,0.9946285,4.971346601040372,0.14734440000000001,1.1958996169079925,600,16776,40,1116,10000,d073173af0bcbcf73931202e570f061e54a60a30577d3421ae4cd9710d945be7,1,ok,ev_correlation;ev_source_time
10000,4,9541,no_correlation_index,4,1,0,200,300,20,0.04427954199491069,4.427954199491069,225837.9276178909,0.9397684935829405,6.023150641705954,3629056,362.9056,0.8746298124383021,12.537018756169793,1,2572288,196608,425984,425984,0.0591875,0.08213090000000002,1.0835511274059044,0.33581300000000003,0.36608365,15.867800709553388,0.23358575,1.1675069881005482,0.99443335,8.07117516719693,600,16776,40,1116,10000,d073173af0bcbcf73931202e570f061e54a60a30577d3421ae4cd9710d945be7,1,ok,ev_service_time;ev_source_time
10000,4,9541,no_lookup_indexes,1,0,0,200,300,20,0.03922074999718461,3.922074999718461,254967.07739443614,0.8324030349339128,16.759696506608723,3203072,320.3072,0.771964461994077,22.8035538005923,1,2572288,196608,425984,0,0.3294585,0.40608605000000003,5.357484178321562,0.3255415,0.36311105000000005,15.738954134763125,0.9165541500000001,4.581115821909333,0.9700375000000001,7.873169761703782,600,16776,40,1116,10000,d073173af0bcbcf73931202e570f061e54a60a30577d3421ae4cd9710d945be7,1,ok,ev_source_time
10000,5,9642,full_indexes,1,1,1,200,300,20,0.044984499996644445,4.4984499996644445,222298.7918226486,1.0,0.0,4149248,414.9248,1.0,0.0,1,2572288,196608,425984,946176,0.0580625,0.0680125,1.0,0.015333,0.022453550000000006,1.0,0.18612290000000004,1.0,0.13373960000000001,1.0,600,16806,40,1092,10000,8e52a12fc92c9d18f87e6144bbca4abddf2c42c660a8c6ca09efd89dc2b8c475,1,ok,ev_correlation;ev_service_time;ev_source_time
10000,5,9642,no_service_index,2,0,1,200,300,20,0.04055750000406988,4.055750000406988,246563.52090233658,0.9015883250251799,9.841167497482006,3723264,372.3264,0.8973346495557749,10.26653504442251,1,2572288,196608,425984,520192,0.31960449999999996,0.34750624999999996,5.109446792868957,0.014542,0.0187931,0.836976780954459,0.9474083500000003,5.090229896482379,0.1151226,0.8607966525995292,600,16806,40,1092,10000,8e52a12fc92c9d18f87e6144bbca4abddf2c42c660a8c6ca09efd89dc2b8c475,1,ok,ev_correlation;ev_source_time
10000,5,9642,no_correlation_index,3,1,0,200,300,20,0.04165199999988545,4.165199999988545,240084.5097480914,0.9259189276971495,7.408107230285054,3629056,362.9056,0.8746298124383021,12.537018756169793,1,2572288,196608,425984,425984,0.057375,0.06634135000000001,0.9754287814739938,0.329792,0.3615681,16.102936952063256,0.24068125,1.293130775417748,0.93038095,6.956660181427191,600,16806,40,1092,10000,8e52a12fc92c9d18f87e6144bbca4abddf2c42c660a8c6ca09efd89dc2b8c475,1,ok,ev_service_time;ev_source_time
10000,5,9642,no_lookup_indexes,4,0,0,200,300,20,0.03920133400242776,3.9201334002427757,255093.35981731376,0.8714409186575803,12.855908134241966,3203072,320.3072,0.771964461994077,22.8035538005923,1,2572288,196608,425984,0,0.318813,0.35081185,5.158049623231023,0.31933350000000005,0.35395800000000005,15.764010590752909,1.0052214499999998,5.400847773164934,0.9330542000000001,6.9766486515587,600,16806,40,1092,10000,8e52a12fc92c9d18f87e6144bbca4abddf2c42c660a8c6ca09efd89dc2b8c475,1,ok,ev_source_time
10000,6,9743,full_indexes,4,1,1,200,300,20,0.0436883329966804,4.36883329966804,228894.0619629464,1.0,0.0,4149248,414.9248,1.0,0.0,1,2572288,196608,425984,946176,0.0573125,0.07135595,1.0,0.015625,0.023167,1.0,0.19388960000000002,1.0,0.14404170000000002,1.0,600,16854,40,1110,10000,9b211a0f5cccbabea9cdff3e65bf91bc05199418ffc96a6ceea5151ad5736309,1,ok,ev_correlation;ev_service_time;ev_source_time
10000,6,9743,no_service_index,1,0,1,200,300,20,0.040230708007584326,4.023070800758433,248566.34385143785,0.9208570171501211,7.914298284987886,3723264,372.3264,0.8973346495557749,10.26653504442251,1,2572288,196608,425984,520192,0.316938,0.34861455,4.885570859893254,0.015083,0.020220550000000004,0.872816937885786,0.9367312499999999,4.831260934057318,0.11782709999999999,0.8180068688442304,600,16854,40,1110,10000,9b211a0f5cccbabea9cdff3e65bf91bc05199418ffc96a6ceea5151ad5736309,1,ok,ev_correlation;ev_source_time
10000,6,9743,no_correlation_index,2,1,0,200,300,20,0.040744791011093184,4.074479101109318,245430.1458382103,0.9326240718360466,6.737592816395344,3629056,362.9056,0.8746298124383021,12.537018756169793,1,2572288,196608,425984,425984,0.0575,0.0668833,0.9373191724025818,0.33477100000000004,0.3668399,15.83458799153969,0.2198940500000001,1.1341198805918422,0.9204413500000002,6.390103352015424,600,16854,40,1110,10000,9b211a0f5cccbabea9cdff3e65bf91bc05199418ffc96a6ceea5151ad5736309,1,ok,ev_service_time;ev_source_time
10000,6,9743,no_lookup_indexes,3,0,0,200,300,20,0.03771275001054164,3.771275001054164,265162.3124064078,0.8632224537706026,13.67775462293974,3203072,320.3072,0.771964461994077,22.8035538005923,1,2572288,196608,425984,0,0.317438,0.34592114999999996,4.847824883559114,0.323208,0.35895145000000006,15.494084257780466,0.9405518,4.850965704194552,0.9110455500000001,6.324873630344546,600,16854,40,1110,10000,9b211a0f5cccbabea9cdff3e65bf91bc05199418ffc96a6ceea5151ad5736309,1,ok,ev_source_time
10000,7,9844,full_indexes,3,1,1,200,300,20,0.04392520900000818,4.392520900000818,227659.7021996671,1.0,0.0,4149248,414.9248,1.0,0.0,1,2572288,196608,425984,946176,0.061042,0.07698685000000002,1.0,0.015625,0.02308925,1.0,0.2204848,1.0,0.1277205000000001,1.0,600,16750,40,1110,10000,b27f29c58d4b896ed50e1c0b8249ca12e5bae42ccee243ffa74e91a6b4728c87,1,ok,ev_correlation;ev_service_time;ev_source_time
10000,7,9844,no_service_index,4,0,1,200,300,20,0.039738000006764196,3.9738000006764196,251648.29629819823,0.9046741247550306,9.532587524496938,3723264,372.3264,0.8973346495557749,10.26653504442251,1,2572288,196608,425984,520192,0.329542,0.40273575,5.231227800591918,0.014667,0.019312800000000005,0.8364412009918039,0.95898125,4.349421139234995,0.13560415000000006,1.0617257996954284,600,16750,40,1110,10000,b27f29c58d4b896ed50e1c0b8249ca12e5bae42ccee243ffa74e91a6b4728c87,1,ok,ev_correlation;ev_source_time
10000,7,9844,no_correlation_index,1,1,0,200,300,20,0.04154229199048132,4.154229199048132,240718.54298003882,0.9457505823244593,5.4249417675540705,3629056,362.9056,0.8746298124383021,12.537018756169793,1,2572288,196608,425984,425984,0.0619795,0.08725210000000005,1.1333377063745305,0.3358955,0.36958925,16.006983769503123,0.23522565000000004,1.066856536142174,0.9752125,7.635520531159831,600,16750,40,1110,10000,b27f29c58d4b896ed50e1c0b8249ca12e5bae42ccee243ffa74e91a6b4728c87,1,ok,ev_service_time;ev_source_time
10000,7,9844,no_lookup_indexes,2,0,0,200,300,20,0.03756762499688193,3.756762499688193,266186.643441793,0.8552634319138911,14.47365680861089,3203072,320.3072,0.771964461994077,22.8035538005923,1,2572288,196608,425984,0,0.3304165,0.38218125000000003,4.964240646292191,0.32325000000000004,0.3515271,15.224708468226556,1.01974585,4.625016554429149,0.9157166999999999,7.169692414295271,600,16750,40,1110,10000,b27f29c58d4b896ed50e1c0b8249ca12e5bae42ccee243ffa74e91a6b4728c87,1,ok,ev_source_time
10000,8,9945,full_indexes,2,1,1,200,300,20,0.04718966700602323,4.718966700602323,211910.79815680016,1.0,0.0,4149248,414.9248,1.0,0.0,1,2572288,196608,425984,946176,0.058125,0.06830145,1.0,0.014708,0.018361050000000007,1.0,0.22304135000000008,1.0,0.14638480000000004,1.0,600,16794,40,1116,10000,413dc306dcee28dddc4809623a4a417b64cd5c8ffb9767850059d30392d8fadb,1,ok,ev_correlation;ev_service_time;ev_source_time
10000,8,9945,no_service_index,3,0,1,200,300,20,0.04421520799223799,4.421520799223799,226166.52627203532,0.9369680016304082,6.303199836959184,3723264,372.3264,0.8973346495557749,10.26653504442251,1,2572288,196608,425984,520192,0.320521,0.35146635,5.145810960089427,0.014125,0.0165,0.8986414175659886,0.9595955,4.302321071855061,0.14482435000000002,0.9893400817571222,600,16794,40,1116,10000,413dc306dcee28dddc4809623a4a417b64cd5c8ffb9767850059d30392d8fadb,1,ok,ev_correlation;ev_source_time
10000,8,9945,no_correlation_index,4,1,0,200,300,20,0.04318349999084603,4.318349999084603,231569.928378195,0.9151049950264354,8.489500497356461,3629056,362.9056,0.8746298124383021,12.537018756169793,1,2572288,196608,425984,425984,0.058021,0.06780560000000001,0.9927402712533923,0.3295,0.3571827,19.45328290048771,0.22605595,1.0135158794546388,0.951508,6.50004645291041,600,16794,40,1116,10000,413dc306dcee28dddc4809623a4a417b64cd5c8ffb9767850059d30392d8fadb,1,ok,ev_service_time;ev_source_time
10000,8,9945,no_lookup_indexes,1,0,0,200,300,20,0.0382311249995837,3.82311249995837,261566.9824026599,0.8101588213094177,18.984117869058224,3203072,320.3072,0.771964461994077,22.8035538005923,1,2572288,196608,425984,0,0.319521,0.35280865,5.165463544331782,0.319417,0.3528934,19.219674256101904,0.9316295,4.176936249713337,1.1599253000000003,7.92380971248381,600,16794,40,1116,10000,413dc306dcee28dddc4809623a4a417b64cd5c8ffb9767850059d30392d8fadb,1,ok,ev_source_time
10000,9,10046,full_indexes,1,1,1,200,300,20,0.046341166002093814,4.634116600209381,215790.85859747624,1.0,0.0,4161536,416.1536,1.0,0.0,1,2572288,196608,425984,958464,0.063271,0.0945878,1.0,0.017417,0.027512500000000002,1.0,0.20161075000000003,1.0,0.13250030000000002,1.0,600,16824,40,1122,10000,0c20bc9946c909969de7ac3f9612f6c66d1d0430b2dcd24d89551a4b569571c1,1,ok,ev_correlation;ev_service_time;ev_source_time
10000,9,10046,no_service_index,2,0,1,200,300,20,0.046075959005975164,4.6075959005975164,217032.92163063155,0.9942770754601499,0.5722924539850127,3735552,373.5552,0.8976377952755905,10.236220472440948,1,2572288,196608,425984,532480,0.33664550000000004,0.42327085000000003,4.474898982744075,0.01625,0.02487705,0.9042089959109495,0.9582083000000001,4.752763927518746,0.1415455000000002,1.0682655058139505,600,16824,40,1122,10000,0c20bc9946c909969de7ac3f9612f6c66d1d0430b2dcd24d89551a4b569571c1,1,ok,ev_correlation;ev_source_time
10000,9,10046,no_correlation_index,3,1,0,200,300,20,0.04185370799677912,4.185370799677912,238927.45657731345,0.9031647584113024,9.68352415886976,3629056,362.9056,0.8720472440944882,12.795275590551181,1,2572288,196608,425984,425984,0.063271,0.08940415,0.9451974778988411,0.35133349999999997,0.4012538500000001,14.584419809177648,0.19988779999999998,0.9914540767295392,0.9541250000000001,7.200927092240546,600,16824,40,1122,10000,0c20bc9946c909969de7ac3f9612f6c66d1d0430b2dcd24d89551a4b569571c1,1,ok,ev_service_time;ev_source_time
10000,9,10046,no_lookup_indexes,4,0,0,200,300,20,0.04223125000135042,4.223125000135042,236791.47549930992,0.9113117697436076,8.868823025639239,3203072,320.3072,0.7696850393700787,23.03149606299213,1,2572288,196608,425984,0,0.3350625,0.42704375,4.51478679068548,0.34235400000000005,0.38826039999999995,14.112145388459789,0.9267208,4.596584259519891,0.9416181000000002,7.106535607843908,600,16824,40,1122,10000,0c20bc9946c909969de7ac3f9612f6c66d1d0430b2dcd24d89551a4b569571c1,1,ok,ev_source_time
10000,10,10147,full_indexes,4,1,1,200,300,20,0.045794791003572755,4.5794791003572755,218365.44683040117,1.0,0.0,4161536,416.1536,1.0,0.0,1,2572288,196608,425984,958464,0.059542,0.07058155,1.0,0.015167,0.020960100000000002,1.0,0.19402144999999998,1.0,0.22374760000000005,1.0,600,16916,40,1134,10000,e9a2a203b63457fba92f1e4c279861330592df8cd275683bc01064c099571d94,1,ok,ev_correlation;ev_service_time;ev_source_time
10000,10,10147,no_service_index,1,0,1,200,300,20,0.04093774998909794,4.093774998909794,244273.31747990748,0.8939390068600622,10.606099313993777,3735552,373.5552,0.8976377952755905,10.236220472440948,1,2572288,196608,425984,532480,0.32175,0.3559994000000001,5.043802523463993,0.01475,0.018687800000000004,0.8915892576848394,1.0190598,5.25230483536743,0.14976905000000004,0.6693660624739662,600,16916,40,1134,10000,e9a2a203b63457fba92f1e4c279861330592df8cd275683bc01064c099571d94,1,ok,ev_correlation;ev_source_time
10000,10,10147,no_correlation_index,2,1,0,200,300,20,0.04108041699510068,4.108041699510068,243424.98765756487,0.8970543613114366,10.294563868856343,3629056,362.9056,0.8720472440944882,12.795275590551181,1,2572288,196608,425984,425984,0.0591665,0.07258304999999998,1.028357269003018,0.3397295,0.37072885,17.687360747324675,0.2795476,1.4408077045089605,0.9559163500000001,4.272297669338129,600,16916,40,1134,10000,e9a2a203b63457fba92f1e4c279861330592df8cd275683bc01064c099571d94,1,ok,ev_service_time;ev_source_time
10000,10,10147,no_lookup_indexes,3,0,0,200,300,20,0.03842566600360442,3.842566600360442,260242.72420058967,0.8390837726632835,16.091622733671652,3203072,320.3072,0.7696850393700787,23.03149606299213,1,2572288,196608,425984,0,0.319396,0.3514601,4.979489682502013,0.329854,0.36405449999999995,17.368929537549914,1.0143128000000001,5.227838468375534,0.9550524,4.26843639887087,600,16916,40,1134,10000,e9a2a203b63457fba92f1e4c279861330592df8cd275683bc01064c099571d94,1,ok,ev_source_time
50000,1,9238,full_indexes,4,1,1,200,300,20,0.23747945799550507,4.749589159910101,210544.52634360644,1.0,0.0,20639744,412.79488,1.0,0.0,1,12836864,1007616,2101248,4685824,0.30187549999999996,0.3614473,1.0,0.026084,0.04670805,1.0,0.5012101000000001,1.0,0.21838125000000008,1.0,600,76858,40,5126,50000,e574986de30c055a90bc3f4bf78ea4735490904b607d29d4c5c69a93c5e1ece0,1,ok,ev_correlation;ev_service_time;ev_source_time
50000,1,9238,no_service_index,1,0,1,200,300,20,0.21178429201245308,4.235685840249062,236089.27520016432,0.8918004689755594,10.819953102444057,18546688,370.93376,0.8985909902758484,10.140900972415157,1,12836864,1007616,2101248,2592768,1.71775,1.9186806000000003,5.308327382719417,0.022854,0.03591605,0.7689477509765447,4.36965805,8.718216272976141,0.18239825,0.835228528090209,600,76858,40,5126,50000,e574986de30c055a90bc3f4bf78ea4735490904b607d29d4c5c69a93c5e1ece0,1,ok,ev_correlation;ev_source_time
50000,1,9238,no_correlation_index,2,1,0,200,300,20,0.21248924999963492,4.249784999992698,235306.02136383796,0.8947689698856263,10.523103011437374,18046976,360.93952,0.8743798372692995,12.562016273070054,1,12836864,1007616,2101248,2093056,0.29941700000000004,0.3479583500000001,0.9626807282832105,1.789354,2.07748125,44.478012890711554,0.5258104000000001,1.0490818121981182,4.24166875,19.423227726739352,600,76858,40,5126,50000,e574986de30c055a90bc3f4bf78ea4735490904b607d29d4c5c69a93c5e1ece0,1,ok,ev_service_time;ev_source_time
50000,1,9238,no_lookup_indexes,3,0,0,200,300,20,0.18969416699837893,3.7938833399675786,263582.1690839196,0.7987813708163735,20.121862918362655,15953920,319.0784,0.7729708275451479,22.70291724548521,1,12836864,1007616,2101248,0,1.7160625,1.9128899,5.292306513286999,1.681,1.8251785500000002,39.076316609235455,4.269951449999999,8.519284527586331,4.38243925,20.067836638905575,600,76858,40,5126,50000,e574986de30c055a90bc3f4bf78ea4735490904b607d29d4c5c69a93c5e1ece0,1,ok,ev_source_time
50000,2,9339,full_indexes,3,1,1,200,300,20,0.23723237500234973,4.7446475000469945,210763.8133265106,1.0,0.0,20639744,412.79488,1.0,0.0,1,12836864,1007616,2101248,4685824,0.311562,0.36346490000000004,1.0,0.0316875,0.06936010000000001,1.0,0.67562645,1.0,0.32831845000000004,1.0,600,76830,40,5130,50000,9310c102a62a63a0780d10097d15bc2b52b4baa31e17e30266f507f3b74e8516,1,ok,ev_correlation;ev_service_time;ev_source_time
50000,2,9339,no_service_index,4,0,1,200,300,20,0.2131085000000894,4.262170000001788,234622.26987651372,0.8983112022462306,10.168879775376938,18546688,370.93376,0.8985909902758484,10.140900972415157,1,12836864,1007616,2101248,2592768,1.763125,1.9796902,5.4467163129094445,0.0254995,0.06324855000000004,0.9118866610630613,4.581845800000001,6.7816258525698645,0.24397290000000002,0.7430983546614575,600,76830,40,5130,50000,9310c102a62a63a0780d10097d15bc2b52b4baa31e17e30266f507f3b74e8516,1,ok,ev_correlation;ev_source_time
50000,2,9339,no_correlation_index,1,1,0,200,300,20,0.22797966698999517,4.559593339799903,219317.8043469738,0.9609972795143878,3.9002720485612152,18046976,360.93952,0.8743798372692995,12.562016273070054,1,12836864,1007616,2101248,2093056,0.31156249999999996,0.37637295000000015,1.0355138831837685,1.954479,3.1049437500000003,44.76556045911122,0.6328476000000001,0.9366826890806303,4.517050300000001,13.758137259724515,600,76830,40,5130,50000,9310c102a62a63a0780d10097d15bc2b52b4baa31e17e30266f507f3b74e8516,1,ok,ev_service_time;ev_source_time
50000,2,9339,no_lookup_indexes,2,0,0,200,300,20,0.19969974999548867,3.9939949999097735,250375.87679067964,0.8417896165880002,15.821038341199978,15953920,319.0784,0.7729708275451479,22.70291724548521,1,12836864,1007616,2101248,0,1.7614585,1.9911,5.478108064905304,1.7513334999999999,2.6550756500000006,38.279582209368215,4.720435100000001,6.9867529609002155,4.67217295,14.230613448619776,600,76830,40,5130,50000,9310c102a62a63a0780d10097d15bc2b52b4baa31e17e30266f507f3b74e8516,1,ok,ev_source_time
50000,3,9440,full_indexes,2,1,1,200,300,20,0.2412671250058338,4.825342500116676,207239.17524524324,1.0,0.0,20639744,412.79488,1.0,0.0,1,12836864,1007616,2101248,4685824,0.3051665,0.35662920000000004,1.0,0.0262705,0.0417931,1.0,0.54254855,1.0,0.30963575000000004,1.0,600,76766,40,5118,50000,92bdd612d5377649f22e259ddf241a68a790ffe52c806fb935ce6709feb74855,1,ok,ev_correlation;ev_service_time;ev_source_time
50000,3,9440,no_service_index,3,0,1,200,300,20,0.21636349998880178,4.3272699997760355,231092.58263333616,0.8967798658170695,10.322013418293052,18546688,370.93376,0.8985909902758484,10.140900972415157,1,12836864,1007616,2101248,2592768,1.7482294999999999,1.8896955500000001,5.298768440722184,0.0220205,0.032460100000000006,0.7766856251390781,4.7448348,8.745456604759148,0.30170385,0.9743831259794774,600,76766,40,5118,50000,92bdd612d5377649f22e259ddf241a68a790ffe52c806fb935ce6709feb74855,1,ok,ev_correlation;ev_source_time
50000,3,9440,no_correlation_index,4,1,0,200,300,20,0.22215745798894204,4.443149159778841,225065.59290252937,0.9207945673641624,7.920543263583757,18046976,360.93952,0.8743798372692995,12.562016273070054,1,12836864,1007616,2101248,2093056,0.3034375,0.35285210000000006,0.9894088874382693,1.795312,2.0265622,48.49035367082126,0.5637336500000001,1.039047381105341,4.51718545,14.588707699288598,600,76766,40,5118,50000,92bdd612d5377649f22e259ddf241a68a790ffe52c806fb935ce6709feb74855,1,ok,ev_service_time;ev_source_time
50000,3,9440,no_lookup_indexes,1,0,0,200,300,20,0.20458645799953956,4.091729159990791,244395.45260670444,0.8479665764434036,15.203342355659643,15953920,319.0784,0.7729708275451479,22.70291724548521,1,12836864,1007616,2101248,0,1.7501875,1.930342,5.412742422661969,1.688771,1.79445565,42.93664863338685,4.48994405,8.275653948388582,4.58435865,14.805650348837302,600,76766,40,5118,50000,92bdd612d5377649f22e259ddf241a68a790ffe52c806fb935ce6709feb74855,1,ok,ev_source_time
50000,4,9541,full_indexes,1,1,1,200,300,20,0.23613979200308677,4.722795840061735,211738.98552153553,1.0,0.0,20639744,412.79488,1.0,0.0,1,12836864,1007616,2101248,4685824,0.299271,0.34455834999999996,1.0,0.032021,0.05802915000000001,1.0,0.65895,1.0,0.35719375,1.0,600,76768,40,5118,50000,7aaa91e75a0be8a1e057ab0724ca95d33bf037974e2729390284fd9682080347,1,ok,ev_correlation;ev_service_time;ev_source_time
50000,4,9541,no_service_index,2,0,1,200,300,20,0.21605820801050868,4.321164160210174,231419.1183033791,0.9149589155549201,8.504108444507985,18546688,370.93376,0.8985909902758484,10.140900972415157,1,12836864,1007616,2101248,2592768,1.7328545,1.87419615,5.4394158493038995,0.024896,0.05015000000000001,0.8642208269464571,4.531391650000001,6.876685105091434,0.27771874999999996,0.777501706006894,600,76768,40,5118,50000,7aaa91e75a0be8a1e057ab0724ca95d33bf037974e2729390284fd9682080347,1,ok,ev_correlation;ev_source_time
50000,4,9541,no_correlation_index,3,1,0,200,300,20,0.2202302499936195,4.40460499987239,227035.11439254414,0.932626594296063,6.737340570393702,18046976,360.93952,0.8743798372692995,12.562016273070054,1,12836864,1007616,2101248,2093056,0.2998335,0.34388925000000004,0.9980580937887591,1.9608539999999999,2.2493994,38.763266392838766,0.6022753,0.9139924121708778,4.7247166499999995,13.227321726653951,600,76768,40,5118,50000,7aaa91e75a0be8a1e057ab0724ca95d33bf037974e2729390284fd9682080347,1,ok,ev_service_time;ev_source_time
50000,4,9541,no_lookup_indexes,4,0,0,200,300,20,0.19350133299303707,3.8700266598607413,258396.15276344994,0.81943551890021,18.056448109978994,15953920,319.0784,0.7729708275451479,22.70291724548521,1,12836864,1007616,2101248,0,1.7273749999999999,1.88218125,5.462590733906174,1.764375,1.99984795,34.462816532725356,4.645539899999999,7.049912588208512,4.7534291500000005,13.307705271998742,600,76768,40,5118,50000,7aaa91e75a0be8a1e057ab0724ca95d33bf037974e2729390284fd9682080347,1,ok,ev_source_time
50000,5,9642,full_indexes,4,1,1,200,300,20,0.22781087500334252,4.55621750006685,219480.30355998757,1.0,0.0,20639744,412.79488,1.0,0.0,1,12836864,1007616,2101248,4685824,0.298375,0.3400923,1.0,0.023979,0.037252049999999995,1.0,0.5040607500000001,1.0,0.28418095000000004,1.0,600,76752,40,5118,50000,ba8415d76cb4a97a3dfaba6c5b28590a709f7cc65ec18851cc05c036827a126b,1,ok,ev_correlation;ev_service_time;ev_source_time
50000,5,9642,no_service_index,1,0,1,200,300,20,0.2144824580027489,4.289649160054978,233119.29779991228,0.9414934998147123,5.8506500185287695,18546688,370.93376,0.8985909902758484,10.140900972415157,1,12836864,1007616,2101248,2592768,1.7131875,1.9007875,5.589034212182987,0.020979,0.031375,0.842235527977655,4.2199021,8.371812524581609,0.23817740000000004,0.8381188112714804,600,76752,40,5118,50000,ba8415d76cb4a97a3dfaba6c5b28590a709f7cc65ec18851cc05c036827a126b,1,ok,ev_correlation;ev_source_time
50000,5,9642,no_correlation_index,2,1,0,200,300,20,0.2183098749956116,4.366197499912232,229032.24144581222,0.9582943526835955,4.170564731640447,18046976,360.93952,0.8743798372692995,12.562016273070054,1,12836864,1007616,2101248,2093056,0.2961045,0.3419527500000001,1.0054704267047507,1.729542,1.9134565499999998,51.36513426777855,0.5562961500000001,1.103629175649959,4.43638125,15.611114151036512,600,76752,40,5118,50000,ba8415d76cb4a97a3dfaba6c5b28590a709f7cc65ec18851cc05c036827a126b,1,ok,ev_service_time;ev_source_time
50000,5,9642,no_lookup_indexes,3,0,0,200,300,20,0.19655308399524074,3.931061679904815,254384.2049367726,0.8627906108185435,13.720938918145652,15953920,319.0784,0.7729708275451479,22.70291724548521,1,12836864,1007616,2101248,0,1.7026875000000001,1.8954788500000002,5.573424773215978,1.6422504999999998,1.75726845,47.17239588156894,4.2477652,8.427089790268335,4.4733604,15.741239516582652,600,76752,40,5118,50000,ba8415d76cb4a97a3dfaba6c5b28590a709f7cc65ec18851cc05c036827a126b,1,ok,ev_source_time
50000,6,9743,full_indexes,3,1,1,200,300,20,0.24514745800115634,4.902949160023127,203958.87604824422,1.0,0.0,20639744,412.79488,1.0,0.0,1,12836864,1007616,2101248,4685824,0.318417,0.38422115,1.0,0.0327295,0.05281315000000002,1.0,0.5485187499999999,1.0,0.23652564999999998,1.0,600,76796,40,5106,50000,743b3ee502f444273a39eb27cc5156fc5d55f6bd74039b35629b745d8df936a1,1,ok,ev_correlation;ev_service_time;ev_source_time
50000,6,9743,no_service_index,4,0,1,200,300,20,0.21434983299695887,4.286996659939177,233263.53606587314,0.8743710203837717,12.562897961622832,18546688,370.93376,0.8985909902758484,10.140900972415157,1,12836864,1007616,2101248,2592768,1.8115625,1.9670625000000002,5.119610151601493,0.025396000000000002,0.04797565000000001,0.908403494205515,4.815712500000003,8.779485660244072,0.18618715000000002,0.7871753021289659,600,76796,40,5106,50000,743b3ee502f444273a39eb27cc5156fc5d55f6bd74039b35629b745d8df936a1,1,ok,ev_correlation;ev_source_time
50000,6,9743,no_correlation_index,1,1,0,200,300,20,0.2204222500004107,4.408445000008214,226837.35421404525,0.8991414873221774,10.085851267782264,18046976,360.93952,0.8743798372692995,12.562016273070054,1,12836864,1007616,2101248,2093056,0.32095850000000004,0.3799423,0.9888635750530651,1.9174375,2.1993190499999997,41.643398471782106,0.6241431500000001,1.1378702186570653,4.350241649999999,18.392261684937765,600,76796,40,5106,50000,743b3ee502f444273a39eb27cc5156fc5d55f6bd74039b35629b745d8df936a1,1,ok,ev_service_time;ev_source_time
50000,6,9743,no_lookup_indexes,2,0,0,200,300,20,0.19562499999301508,3.9124999998603016,255591.0543222251,0.7979891025102628,20.201089748973722,15953920,319.0784,0.7729708275451479,22.70291724548521,1,12836864,1007616,2101248,0,1.8084790000000002,1.97137115,5.13082413604769,1.7523335,1.9563149,37.04219309016787,5.452716650000004,9.940802661713942,4.341893150000001,18.356965301649108,600,76796,40,5106,50000,743b3ee502f444273a39eb27cc5156fc5d55f6bd74039b35629b745d8df936a1,1,ok,ev_source_time
50000,7,9844,full_indexes,2,1,1,200,300,20,0.2469122500042431,4.938245000084862,202501.0909711477,1.0,0.0,20639744,412.79488,1.0,0.0,1,12836864,1007616,2101248,4685824,0.3192085,0.37817225,1.0,0.029417,0.0488875,1.0,0.51828925,1.0,0.22744795,1.0,600,76812,40,5118,50000,f3ba14253dcbf4c24d5b64772c462869ab1406db231755fa7d6a776a2234c0f1,1,ok,ev_correlation;ev_service_time;ev_source_time
50000,7,9844,no_service_index,3,0,1,200,300,20,0.21676745799777564,4.335349159955513,230661.92897142834,0.8779129346318401,12.208706536815994,18546688,370.93376,0.8985909902758484,10.140900972415157,1,12836864,1007616,2101248,2592768,1.8332915,1.9801024,5.235980165123168,0.023458,0.038346150000000016,0.7843753515724882,4.1886357,8.081656526736758,0.18580590000000002,0.8169161339990095,600,76812,40,5118,50000,f3ba14253dcbf4c24d5b64772c462869ab1406db231755fa7d6a776a2234c0f1,1,ok,ev_correlation;ev_source_time
50000,7,9844,no_correlation_index,4,1,0,200,300,20,0.22342712500540074,4.468542500108015,223786.61498146827,0.9048847313228129,9.511526867718711,18046976,360.93952,0.8743798372692995,12.562016273070054,1,12836864,1007616,2101248,2093056,0.31824949999999996,0.36690415000000004,0.9702037894107779,1.8643335,2.10735835,43.10628176936845,0.56559645,1.0912756728023976,4.1446018,18.22219896903885,600,76812,40,5118,50000,f3ba14253dcbf4c24d5b64772c462869ab1406db231755fa7d6a776a2234c0f1,1,ok,ev_service_time;ev_source_time
50000,7,9844,no_lookup_indexes,1,0,0,200,300,20,0.2018318329937756,4.036636659875512,247730.99098565872,0.8174233274789209,18.25766725210791,15953920,319.0784,0.7729708275451479,22.70291724548521,1,12836864,1007616,2101248,0,1.8399585,2.04034795,5.395287332690329,1.7264165,1.8574441000000002,37.99425415494758,4.3001413500000005,8.296798264675566,4.20030835,18.46711896062374,600,76812,40,5118,50000,f3ba14253dcbf4c24d5b64772c462869ab1406db231755fa7d6a776a2234c0f1,1,ok,ev_source_time
50000,8,9945,full_indexes,1,1,1,200,300,20,0.23998637500335462,4.7997275000670925,208345.1612588468,1.0,0.0,20639744,412.79488,1.0,0.0,1,12836864,1007616,2101248,4685824,0.307959,0.3547851000000001,1.0,0.026875,0.04488125,1.0,0.5325729,1.0,0.25629615,1.0,600,76794,40,5118,50000,d8380860bbc3f2b566c9acdbe1b7ee1a1ce86d48c6f0fc8eb8f95f69272417a4,1,ok,ev_correlation;ev_service_time;ev_source_time
50000,8,9945,no_service_index,2,0,1,200,300,20,0.21832583300420083,4.366516660084017,229015.50087770852,0.9097426176846456,9.02573823153544,18546688,370.93376,0.8985909902758484,10.140900972415157,1,12836864,1007616,2101248,2592768,1.7576045,1.9112624999999999,5.387099120002501,0.023104,0.03427705000000001,0.7637276145383654,4.3697476,8.20497550663956,0.19500240000000002,0.760847948749913,600,76794,40,5118,50000,d8380860bbc3f2b566c9acdbe1b7ee1a1ce86d48c6f0fc8eb8f95f69272417a4,1,ok,ev_correlation;ev_source_time
50000,8,9945,no_correlation_index,3,1,0,200,300,20,0.22294691699789837,4.458938339957967,224268.63162441188,0.9289982274817974,7.100177251820261,18046976,360.93952,0.8743798372692995,12.562016273070054,1,12836864,1007616,2101248,2093056,0.30256249999999996,0.35012915,0.9868767036721664,1.8578545,2.0547104000000003,45.78104219468042,0.5772604,1.0839087005741372,4.70355625,18.352036306436908,600,76794,40,5118,50000,d8380860bbc3f2b566c9acdbe1b7ee1a1ce86d48c6f0fc8eb8f95f69272417a4,1,ok,ev_service_time;ev_source_time
50000,8,9945,no_lookup_indexes,4,0,0,200,300,20,0.1969818329962436,3.939636659924872,253830.5144157811,0.8208042352133121,17.919576478668787,15953920,319.0784,0.7729708275451479,22.70291724548521,1,12836864,1007616,2101248,0,1.761666,1.9015229500000002,5.359647149781656,1.7140005,1.8343416499999998,40.87100181033282,4.213316649999999,7.911248676002852,4.45515865,17.382854365935657,600,76794,40,5118,50000,d8380860bbc3f2b566c9acdbe1b7ee1a1ce86d48c6f0fc8eb8f95f69272417a4,1,ok,ev_source_time
50000,9,10046,full_indexes,4,1,1,200,300,20,0.24173224999685772,4.834644999937154,206840.4195164276,1.0,0.0,20692992,413.85984,1.0,0.0,1,12836864,1007616,2101248,4739072,0.3089585,0.37128540000000004,1.0,0.0268545,0.0439274,1.0,0.6294211500000001,1.0,0.3124104000000001,1.0,600,76792,40,5130,50000,e292472b7c7b523872b6c3d35a325b355a581dd459db9a86a4fe4acbc15c8673,1,ok,ev_correlation;ev_service_time;ev_source_time
50000,9,10046,no_service_index,1,0,1,200,300,20,0.22003079199930653,4.400615839986131,227240.92180769675,0.9102252264733676,8.977477352663243,18599936,371.99872,0.8988519398258116,10.114806017418843,1,12836864,1007616,2101248,2646016,1.7928545,2.0159566,5.429668389869356,0.023104,0.03688125,0.8395955599466391,4.830092000000001,7.673863517296806,0.2468083,0.7900130725481608,600,76792,40,5130,50000,e292472b7c7b523872b6c3d35a325b355a581dd459db9a86a4fe4acbc15c8673,1,ok,ev_correlation;ev_source_time
50000,9,10046,no_correlation_index,2,1,0,200,300,20,0.21967325000150595,4.393465000030119,227610.78101069306,0.9087461437369713,9.125385626302872,18046976,360.93952,0.8721298495645289,12.787015043547111,1,12836864,1007616,2101248,2093056,0.30974999999999997,0.364858,0.9826887887323336,1.8435419999999998,2.0911896000000003,47.605585579843115,0.7336107500000004,1.1655324102153228,4.4521455,14.250951632852168,600,76792,40,5130,50000,e292472b7c7b523872b6c3d35a325b355a581dd459db9a86a4fe4acbc15c8673,1,ok,ev_service_time;ev_source_time
50000,9,10046,no_lookup_indexes,3,0,0,200,300,20,0.20001466700341552,4.0002933400683105,249981.66759013818,0.8274223526485006,17.257764735149937,15953920,319.0784,0.7709817893903405,22.901821060965954,1,12836864,1007616,2101248,0,1.789583,1.9577372,5.272863409118699,1.7222089999999999,1.8654916500000003,42.46760905494066,4.783424650000001,7.599720235012757,4.5117705,14.44180635471802,600,76792,40,5130,50000,e292472b7c7b523872b6c3d35a325b355a581dd459db9a86a4fe4acbc15c8673,1,ok,ev_source_time
50000,10,10147,full_indexes,3,1,1,200,300,20,0.2296214170055464,4.592428340110928,217749.7232272209,1.0,0.0,20692992,413.85984,1.0,0.0,1,12836864,1007616,2101248,4739072,0.3238125,0.4009333500000001,1.0,0.030917,0.05386285000000002,1.0,0.6144667,1.0,0.26097115,1.0,600,76876,40,5136,50000,0b4af49683a66bdd34c20f5c3e4791933a9be3fca5bc6a1615c91545dfb2efe3,1,ok,ev_correlation;ev_service_time;ev_source_time
50000,10,10147,no_service_index,4,0,1,200,300,20,0.20683999999891967,4.136799999978393,241732.74028360643,0.9007870550416626,9.921294495833743,18599936,371.99872,0.8988519398258116,10.114806017418843,1,12836864,1007616,2101248,2646016,1.833854,2.13715835,5.330457917756155,0.0243125,0.043551450000000005,0.8085619309041387,4.494170850000001,7.3139371913888915,0.20704375000000003,0.7933587678178221,600,76876,40,5136,50000,0b4af49683a66bdd34c20f5c3e4791933a9be3fca5bc6a1615c91545dfb2efe3,1,ok,ev_correlation;ev_source_time
50000,10,10147,no_correlation_index,1,1,0,200,300,20,0.22155891700822394,4.431178340164479,225673.60716131356,0.9648878571412713,3.5112142858728657,18046976,360.93952,0.8721298495645289,12.787015043547111,1,12836864,1007616,2101248,2093056,0.3197295,0.4219794500000001,1.0524927646951794,1.9655,2.26462085,42.044207649613774,0.5902306500000001,0.9605575859521762,4.2098556,16.1314980602262,600,76876,40,5136,50000,0b4af49683a66bdd34c20f5c3e4791933a9be3fca5bc6a1615c91545dfb2efe3,1,ok,ev_service_time;ev_source_time
50000,10,10147,no_lookup_indexes,2,0,0,200,300,20,0.19788700000208337,3.9577400000416674,252669.45276583906,0.8617967896143743,13.820321038562566,15953920,319.0784,0.7709817893903405,22.901821060965954,1,12836864,1007616,2101248,0,1.8321665,2.0787681,5.184822115695788,1.7892505,1.9454430999999999,36.11845826947514,4.458602099999999,7.256051629811671,4.35502885,16.687778898165565,600,76876,40,5136,50000,0b4af49683a66bdd34c20f5c3e4791933a9be3fca5bc6a1615c91545dfb2efe3,1,ok,ev_source_time
100000,1,9238,full_indexes,3,1,1,200,300,20,0.4838241670076968,4.838241670076968,206686.65771383257,1.0,0.0,41398272,413.98272,1.0,0.0,1,25665536,2072576,4222976,9428992,0.605354,0.7124955,1.0,0.0472495,0.07700175000000001,1.0,0.8743889500000002,1.0,0.31865,1.0,600,151760,40,10116,100000,0f45e9c1de973269628e83b05c2d6694a84494f39d493c5d0e734bf834f8367b,1,ok,ev_correlation;ev_service_time;ev_source_time
100000,1,9238,no_service_index,4,0,1,200,300,20,0.4142853329976788,4.142853329976788,241379.53249858425,0.8562725081715238,14.372749182847622,37191680,371.9168,0.8983872563569804,10.161274364301963,1,25665536,2072576,4222976,5222400,3.576271,4.066054800000002,5.706779621766035,0.030208,0.07015180000000001,0.9110416321706976,8.522258,9.74652984807276,0.25565420000000005,0.8023040954024794,600,151760,40,10116,100000,0f45e9c1de973269628e83b05c2d6694a84494f39d493c5d0e734bf834f8367b,1,ok,ev_correlation;ev_source_time
100000,1,9238,no_correlation_index,1,1,0,200,300,20,0.457655916994554,4.57655916994554,218504.7680727134,0.9459137186656356,5.408628133436444,36175872,361.75872,0.8738498070644108,12.615019293558916,1,25665536,2072576,4222976,4206592,0.6148335,0.7294166500000001,1.0237491324506613,3.965334,4.64986875,60.38653342294169,0.8931479,1.021453782095485,7.7091316,24.193100894398242,600,151760,40,10116,100000,0f45e9c1de973269628e83b05c2d6694a84494f39d493c5d0e734bf834f8367b,1,ok,ev_service_time;ev_source_time
100000,1,9238,no_lookup_indexes,2,0,0,200,300,20,0.4010397920064861,4.010397920064861,249351.81494005633,0.828895742200712,17.110425779928796,31969280,319.6928,0.7722370634213911,22.77629365786089,1,25665536,2072576,4222976,0,3.6020624999999997,4.047510400000001,5.680752229312327,3.5801879999999997,4.637725650000002,60.22883440960759,8.10182325,9.265697204888053,8.054033050000001,25.27548423034678,600,151760,40,10116,100000,0f45e9c1de973269628e83b05c2d6694a84494f39d493c5d0e734bf834f8367b,1,ok,ev_source_time
100000,2,9339,full_indexes,2,1,1,200,300,20,0.4791237919998821,4.791237919998821,208714.32742380828,1.0,0.0,41398272,413.98272,1.0,0.0,1,25665536,2072576,4222976,9428992,0.6239165,0.7454232500000001,1.0,0.0338755,0.051715250000000004,1.0,0.9222065500000004,1.0,0.29886875,1.0,600,151796,40,10104,100000,57a1724cf328e9d870e94313036f3fef24e951e521ef805dcce4ca05331e68de,1,ok,ev_correlation;ev_service_time;ev_source_time
100000,2,9339,no_service_index,3,0,1,200,300,20,0.42181345900462475,4.2181345900462475,237071.6198482031,0.8803851239446038,11.961487605539622,37191680,371.9168,0.8983872563569804,10.161274364301963,1,25665536,2072576,4222976,5222400,3.6414999999999997,4.03273155,5.409988955938791,0.0255415,0.04109025000000001,0.7945480298364603,7.878611050000001,8.543217406122302,0.27635355,0.9246652585792258,600,151796,40,10104,100000,57a1724cf328e9d870e94313036f3fef24e951e521ef805dcce4ca05331e68de,1,ok,ev_correlation;ev_source_time
100000,2,9339,no_correlation_index,4,1,0,200,300,20,0.43592595899826847,4.359259589982685,229396.75404922882,0.9098399333890222,9.016006661097775,36175872,361.75872,0.8738498070644108,12.615019293558916,1,25665536,2072576,4222976,4206592,0.6174995000000001,0.7254193500000001,0.9731643733945783,3.7363540000000004,4.02607325,77.85079352802121,0.9684628000000001,1.0501582319058562,7.5352152,25.212455969384553,600,151796,40,10104,100000,57a1724cf328e9d870e94313036f3fef24e951e521ef805dcce4ca05331e68de,1,ok,ev_service_time;ev_source_time
100000,2,9339,no_lookup_indexes,1,0,0,200,300,20,0.3864836249995278,3.864836249995278,258743.17443623173,0.8066466985209179,19.335330147908213,31969280,319.6928,0.7722370634213911,22.77629365786089,1,25665536,2072576,4222976,0,3.641896,4.05274795,5.4368413515408855,3.452167,3.6547559000000005,70.67075765852432,7.756349350000001,8.410642225432033,7.714270550000002,25.811566281185307,600,151796,40,10104,100000,57a1724cf328e9d870e94313036f3fef24e951e521ef805dcce4ca05331e68de,1,ok,ev_source_time
100000,3,9440,full_indexes,1,1,1,200,300,20,0.47321741699124686,4.732174169912469,211319.35640874712,1.0,0.0,41398272,413.98272,1.0,0.0,1,25665536,2072576,4222976,9428992,0.6086045,0.6826083500000001,1.0,0.036375,0.058995550000000015,1.0,0.90220655,1.0,0.23392885000000002,1.0,600,151772,40,10122,100000,ef28b7c8b5abfe46e483f0eb84576b50e25c6683215b7ed063b022fd335d8e41,1,ok,ev_correlation;ev_service_time;ev_source_time
100000,3,9440,no_service_index,2,0,1,200,300,20,0.42964154201035853,4.296415420103585,232752.167148653,0.9079157414409065,9.208425855909352,37191680,371.9168,0.8983872563569804,10.161274364301963,1,25665536,2072576,4222976,5222400,3.618375,3.84362945,5.630797586932535,0.026416,0.046377049999999996,0.7861109863371049,8.011055650000001,8.879403114508536,0.21880805000000006,0.935361542622896,600,151772,40,10122,100000,ef28b7c8b5abfe46e483f0eb84576b50e25c6683215b7ed063b022fd335d8e41,1,ok,ev_correlation;ev_source_time
100000,3,9440,no_correlation_index,3,1,0,200,300,20,0.44934745799400844,4.493474579940084,222544.93314911195,0.9495581562720039,5.044184372799609,36175872,361.75872,0.8738498070644108,12.615019293558916,1,25665536,2072576,4222976,4206592,0.605396,0.6853222999999999,1.0039758523317213,3.8836045,4.2776018,72.50719418668017,0.8904291500000001,0.9869460047701938,7.815720850000001,33.4106752972111,600,151772,40,10122,100000,ef28b7c8b5abfe46e483f0eb84576b50e25c6683215b7ed063b022fd335d8e41,1,ok,ev_service_time;ev_source_time
100000,3,9440,no_lookup_indexes,4,0,0,200,300,20,0.3847790830041049,3.847790830041049,259889.38696788042,0.8131126817997534,18.688731820024664,31969280,319.6928,0.7722370634213911,22.77629365786089,1,25665536,2072576,4222976,0,3.610417,3.890575,5.69957135742626,3.534,3.8679961500000006,65.5642018762432,7.8587101,8.710544276141643,7.993520850000001,34.17073546080358,600,151772,40,10122,100000,ef28b7c8b5abfe46e483f0eb84576b50e25c6683215b7ed063b022fd335d8e41,1,ok,ev_source_time
100000,4,9541,full_indexes,4,1,1,200,300,20,0.4873322080093203,4.873322080093203,205198.83224727778,1.0,0.0,41398272,413.98272,1.0,0.0,1,25665536,2072576,4222976,9428992,0.5986665,0.66277085,1.0,0.038562,0.06366940000000003,1.0,0.8938336500000001,1.0,0.30050830000000006,1.0,600,151776,40,10116,100000,0717622f007b8f0c27963a0a9120908b604b63ed7257e61325a967ba8ed8001c,1,ok,ev_correlation;ev_service_time;ev_source_time
100000,4,9541,no_service_index,1,0,1,200,300,20,0.450749249997898,4.50749249997898,221852.83724923854,0.9249321973590495,7.506780264095047,37191680,371.9168,0.8983872563569804,10.161274364301963,1,25665536,2072576,4222976,5222400,3.5960415,3.8842315999999997,5.860595106136607,0.026584,0.050305600000000006,0.7901063933380867,7.930962850000002,8.872974126673348,0.2417024,0.8043118942139035,600,151776,40,10116,100000,0717622f007b8f0c27963a0a9120908b604b63ed7257e61325a967ba8ed8001c,1,ok,ev_correlation;ev_source_time
100000,4,9541,no_correlation_index,2,1,0,200,300,20,0.4909114159963792,4.909114159963792,203702.73890867832,1.007344492993146,-0.7344492993146101,36175872,361.75872,0.8738498070644108,12.615019293558916,1,25665536,2072576,4222976,4206592,0.6064579999999999,0.6885851,1.03894898214066,3.867958,4.2243976000000005,66.3489462756049,0.85671315,0.9584704603591506,8.4479979,28.112361289189014,600,151776,40,10116,100000,0717622f007b8f0c27963a0a9120908b604b63ed7257e61325a967ba8ed8001c,1,ok,ev_service_time;ev_source_time
100000,4,9541,no_lookup_indexes,3,0,0,200,300,20,0.3961524580081459,3.961524580081459,252428.06898838867,0.8129002177516029,18.70997822483971,31969280,319.6928,0.7722370634213911,22.77629365786089,1,25665536,2072576,4222976,0,3.5699375,3.9043649,5.890972573703264,3.5117915,3.79932645,59.672722689392366,7.9208985499999995,8.86171442527365,8.28203365,27.560082866263592,600,151776,40,10116,100000,0717622f007b8f0c27963a0a9120908b604b63ed7257e61325a967ba8ed8001c,1,ok,ev_source_time
100000,5,9642,full_indexes,3,1,1,200,300,20,0.4718484580080258,4.718484580080258,211932.45056297095,1.0,0.0,41398272,413.98272,1.0,0.0,1,25665536,2072576,4222976,9428992,0.5931660000000001,0.6706437500000001,1.0,0.0342085,0.0547667,1.0,0.9475601,1.0,0.27731905,1.0,600,151806,40,10092,100000,b90775335cc8bd7e0e0206b504d805ff722e23a35dca342c162b97e6ba111be9,1,ok,ev_correlation;ev_service_time;ev_source_time
100000,5,9642,no_service_index,4,0,1,200,300,20,0.420919916999992,4.20919916999992,237574.88292007314,0.8920658950057064,10.793410499429356,37191680,371.9168,0.8983872563569804,10.161274364301963,1,25665536,2072576,4222976,5222400,3.54325,3.7898815500000005,5.651109922369365,0.0252915,0.048458049999999996,0.8848086519728228,8.158448250000001,8.609953342273489,0.25225445,0.9096181816575529,600,151806,40,10092,100000,b90775335cc8bd7e0e0206b504d805ff722e23a35dca342c162b97e6ba111be9,1,ok,ev_correlation;ev_source_time
100000,5,9642,no_correlation_index,1,1,0,200,300,20,0.4373455000022659,4.373455000022659,228652.17545277564,0.9268770355816803,7.3122964418319665,36175872,361.75872,0.8738498070644108,12.615019293558916,1,25665536,2072576,4222976,4206592,0.5970835,0.6867603999999999,1.0240316114181334,3.7715205000000003,4.12487675,75.31724113375464,0.9173306,0.9680975380875577,7.5918601,27.375905477824187,600,151806,40,10092,100000,b90775335cc8bd7e0e0206b504d805ff722e23a35dca342c162b97e6ba111be9,1,ok,ev_service_time;ev_source_time
100000,5,9642,no_lookup_indexes,2,0,0,200,300,20,0.3952528749941848,3.952528749941848,253002.58727143036,0.8376691038957721,16.23308961042279,31969280,319.6928,0.7722370634213911,22.77629365786089,1,25665536,2072576,4222976,0,3.527896,3.9182351000000004,5.842498494916265,3.462021,3.704817,67.64725645328274,8.3890125,8.853277486040199,7.8357021,28.255188743795276,600,151806,40,10092,100000,b90775335cc8bd7e0e0206b504d805ff722e23a35dca342c162b97e6ba111be9,1,ok,ev_source_time
100000,6,9743,full_indexes,2,1,1,200,300,20,0.4951874160033185,4.951874160033185,201943.74244625363,1.0,0.0,41398272,413.98272,1.0,0.0,1,25665536,2072576,4222976,9428992,0.6067914999999999,0.6941458500000001,1.0,0.0355415,0.052929500000000004,1.0,0.8709708500000001,1.0,0.31929199999999996,1.0,600,151854,40,10110,100000,850641e2260aee537bf75b445cd1cd5716779431768220d2c8cd9e167071593a,1,ok,ev_correlation;ev_service_time;ev_source_time
100000,6,9743,no_service_index,3,0,1,200,300,20,0.41865108300407883,4.186510830040788,238862.39415037108,0.8454396648102084,15.456033518979162,37191680,371.9168,0.8983872563569804,10.161274364301963,1,25665536,2072576,4222976,5222400,3.5813125,3.8344705,5.524012712890237,0.025521,0.04601455,0.8693554633994275,7.905416700000001,9.076557154582154,0.26326455,0.8245259824862509,600,151854,40,10110,100000,850641e2260aee537bf75b445cd1cd5716779431768220d2c8cd9e167071593a,1,ok,ev_correlation;ev_source_time
100000,6,9743,no_correlation_index,4,1,0,200,300,20,0.4397912919957889,4.397912919957889,227380.5821534036,0.8881309940090272,11.186900599097282,36175872,361.75872,0.8738498070644108,12.615019293558916,1,25665536,2072576,4222976,4206592,0.6062495,0.6953753,1.0017711695604028,3.858104,4.10015205,77.46440170415363,1.0796101,1.2395479136873524,7.89599345,24.729693979178936,600,151854,40,10110,100000,850641e2260aee537bf75b445cd1cd5716779431768220d2c8cd9e167071593a,1,ok,ev_service_time;ev_source_time
100000,6,9743,no_lookup_indexes,1,0,0,200,300,20,0.39783079200424254,3.9783079200424254,251363.1473727996,0.8033943899769385,19.660561002306153,31969280,319.6928,0.7722370634213911,22.77629365786089,1,25665536,2072576,4222976,0,3.597021,3.84820805,5.543803294365298,3.5321455000000004,3.7736187500000002,71.29518982797873,8.605508300000002,9.880363160259613,8.037987500000002,25.17440931811634,600,151854,40,10110,100000,850641e2260aee537bf75b445cd1cd5716779431768220d2c8cd9e167071593a,1,ok,ev_source_time
100000,7,9844,full_indexes,1,1,1,200,300,20,0.48438524999073707,4.843852499907371,206447.24421710262,1.0,0.0,41398272,413.98272,1.0,0.0,1,25665536,2072576,4222976,9428992,0.6214379999999999,0.7049146000000001,1.0,0.036,0.058233000000000014,1.0,0.9213901999999999,1.0,0.35455385000000006,1.0,600,151750,40,10110,100000,7003c66bace932a32136be49bafad9b84b3161afa6d2bd3c0985698a6f5dade1,1,ok,ev_correlation;ev_service_time;ev_source_time
100000,7,9844,no_service_index,2,0,1,200,300,20,0.4302854580018902,4.302854580018902,232403.8568822856,0.8883124703118408,11.16875296881592,37191680,371.9168,0.8983872563569804,10.161274364301963,1,25665536,2072576,4222976,5222400,3.606,3.94045625,5.589976785840441,0.025646,0.0481018,0.8260230453522914,8.278820849999999,8.985140985871132,0.31506605,0.8886267911066258,600,151750,40,10110,100000,7003c66bace932a32136be49bafad9b84b3161afa6d2bd3c0985698a6f5dade1,1,ok,ev_correlation;ev_source_time
100000,7,9844,no_correlation_index,3,1,0,200,300,20,0.4475964580051368,4.475964580051368,223415.53024276247,0.924050552764966,7.594944723503405,36175872,361.75872,0.8738498070644108,12.615019293558916,1,25665536,2072576,4222976,4206592,0.6169994999999999,0.71982705,1.0211549739500358,3.8884375,4.2122211499999995,72.3339197705768,0.9622194,1.0443126050179392,8.918706250000001,25.15472966941411,600,151750,40,10110,100000,7003c66bace932a32136be49bafad9b84b3161afa6d2bd3c0985698a6f5dade1,1,ok,ev_service_time;ev_source_time
100000,7,9844,no_lookup_indexes,4,0,0,200,300,20,0.3865113339998061,3.865113339998061,258724.6251362196,0.7979419976293609,20.205800237063908,31969280,319.6928,0.7722370634213911,22.77629365786089,1,25665536,2072576,4222976,0,3.6176880000000002,3.9294604000000004,5.57437794592423,3.5442080000000002,3.7098083,63.70628853055826,8.2757875,8.981848841023055,9.540781599999999,26.90925962304456,600,151750,40,10110,100000,7003c66bace932a32136be49bafad9b84b3161afa6d2bd3c0985698a6f5dade1,1,ok,ev_source_time
100000,8,9945,full_indexes,4,1,1,200,300,20,0.4843776249908842,4.843776249908842,206450.4940786271,1.0,0.0,41398272,413.98272,1.0,0.0,1,25665536,2072576,4222976,9428992,0.614792,0.6976628500000001,1.0,0.043459,0.06683190000000007,1.0,0.8996395500000001,1.0,0.28298365000000003,1.0,600,151794,40,10116,100000,b214862b18b9f92c85ddd724b761641ab3e078c577f340ae41ca9639998d1980,1,ok,ev_correlation;ev_service_time;ev_source_time
100000,8,9945,no_service_index,1,0,1,200,300,20,0.4249834169895621,4.249834169895621,235303.2989107339,0.877380364127183,12.261963587281699,37191680,371.9168,0.8983872563569804,10.161274364301963,1,25665536,2072576,4222976,5222400,3.6654590000000002,4.00603335,5.74207634819598,0.0283335,0.0568181,0.8501643676148657,7.883543749999999,8.763002638112118,0.2540792,0.8978582331523393,600,151794,40,10116,100000,b214862b18b9f92c85ddd724b761641ab3e078c577f340ae41ca9639998d1980,1,ok,ev_correlation;ev_source_time
100000,8,9945,no_correlation_index,2,1,0,200,300,20,0.4526912919973256,4.526912919973256,220901.09036290183,0.9345834089793992,6.541659102060082,36175872,361.75872,0.8738498070644108,12.615019293558916,1,25665536,2072576,4222976,4206592,0.6129795,0.6965441,0.9983964317434989,4.0594375,4.52050655,67.6399526274129,0.90550895,1.0065241684850337,7.903887500000001,27.930544750553608,600,151794,40,10116,100000,b214862b18b9f92c85ddd724b761641ab3e078c577f340ae41ca9639998d1980,1,ok,ev_service_time;ev_source_time
100000,8,9945,no_lookup_indexes,3,0,0,200,300,20,0.40416187499067746,4.041618749906775,247425.61381453072,0.8343941877956969,16.560581220430315,31969280,319.6928,0.7722370634213911,22.77629365786089,1,25665536,2072576,4222976,0,3.649584,3.94267645,5.6512632856973815,3.6507085,4.193154200000001,62.741807430284,7.78750035,8.656244992786277,8.033879800000001,28.389908038856664,600,151794,40,10116,100000,b214862b18b9f92c85ddd724b761641ab3e078c577f340ae41ca9639998d1980,1,ok,ev_source_time
100000,9,10046,full_indexes,3,1,1,200,300,20,0.47035079199122265,4.7035079199122265,212607.27461869805,1.0,0.0,41484288,414.84288,1.0,0.0,1,25665536,2072576,4222976,9515008,0.6031869999999999,0.6640851,1.0,0.035979,0.0529285,1.0,0.97828125,1.0,0.29050805,1.0,600,151824,40,10122,100000,6679a327159959ce0f3db3323f6f9ba516261a219c0eff5b634981abf5ff82ae,1,ok,ev_correlation;ev_service_time;ev_source_time
100000,9,10046,no_service_index,4,0,1,200,300,20,0.4228434999968158,4.228434999968158,236494.11661939474,0.8989960412455447,10.100395875445534,37277696,372.77696,0.8985979462875198,10.140205371248022,1,25665536,2072576,4222976,5308416,3.593146,3.8262916500000004,5.761748983676942,0.02575,0.0455923,0.8613941449313697,8.4751979,8.6633551445456,0.22896455,0.7881521699656859,600,151824,40,10122,100000,6679a327159959ce0f3db3323f6f9ba516261a219c0eff5b634981abf5ff82ae,1,ok,ev_correlation;ev_source_time
100000,9,10046,no_correlation_index,1,1,0,200,300,20,0.4968866660055937,4.968866660055937,201253.1364624589,1.0564171985382056,-5.641719853820559,36175872,361.75872,0.8720379146919431,12.796208530805686,1,25665536,2072576,4222976,4206592,0.6092295,0.6812485500000001,1.0258452568804812,3.8861245,4.15229825,78.45108495423071,0.9442791500000001,0.9652430218814887,7.876526450000001,27.112936973691436,600,151824,40,10122,100000,6679a327159959ce0f3db3323f6f9ba516261a219c0eff5b634981abf5ff82ae,1,ok,ev_service_time;ev_source_time
100000,9,10046,no_lookup_indexes,2,0,0,200,300,20,0.4119606249878416,4.119606249878416,242741.64552243642,0.8758582572888052,12.414174271119482,31969280,319.6928,0.7706358609794629,22.936413902053708,1,25665536,2072576,4222976,0,3.599125,3.8681872000000004,5.824836606031366,3.5693335,3.736175,70.5890966114664,8.32547325,8.510306468615237,7.94927915,27.363369620910674,600,151824,40,10122,100000,6679a327159959ce0f3db3323f6f9ba516261a219c0eff5b634981abf5ff82ae,1,ok,ev_source_time
100000,10,10147,full_indexes,2,1,1,200,300,20,0.47828345900052227,4.782834590005223,209081.03368026114,1.0,0.0,41484288,414.84288,1.0,0.0,1,25665536,2072576,4222976,9515008,0.606625,0.6873396,1.0,0.033771,0.04951670000000001,1.0,0.94051875,1.0,0.27843335,1.0,600,151918,40,10134,100000,72b107438d399c8df6676da202fa22a0692611c70db7007a21648d24ce0d64d7,1,ok,ev_correlation;ev_service_time;ev_source_time
100000,10,10147,no_service_index,3,0,1,200,300,20,0.4201356669946108,4.201356669946108,238018.3542029121,0.8784239954117921,12.157600458820795,37277696,372.77696,0.8985979462875198,10.140205371248022,1,25665536,2072576,4222976,5308416,3.5674789999999996,3.8841923,5.651052696512757,0.025458,0.04261425000000001,0.8606035943429188,8.28033155,8.804004758012534,0.25141810000000003,0.9029740869762908,600,151918,40,10134,100000,72b107438d399c8df6676da202fa22a0692611c70db7007a21648d24ce0d64d7,1,ok,ev_correlation;ev_source_time
100000,10,10147,no_correlation_index,4,1,0,200,300,20,0.4468666659959126,4.468666659959126,223780.39717313502,0.9343134444367742,6.568655556322578,36175872,361.75872,0.8720379146919431,12.796208530805686,1,25665536,2072576,4222976,4206592,0.604167,0.70813335,1.0302525127316977,3.8559795,4.114014549999999,83.08337490180078,1.0379389500000002,1.1035813480592496,8.442991949999998,30.323206433424723,600,151918,40,10134,100000,72b107438d399c8df6676da202fa22a0692611c70db7007a21648d24ce0d64d7,1,ok,ev_service_time;ev_source_time
100000,10,10147,no_lookup_indexes,1,0,0,200,300,20,0.3972941669926513,3.972941669926513,251702.66343691296,0.8306667510996183,16.933324890038172,31969280,319.6928,0.7706358609794629,22.936413902053708,1,25665536,2072576,4222976,0,3.608917,3.9580646,5.758528389750859,3.5698955000000003,3.73453685,75.41974424790018,8.298066949999999,8.82286179834267,8.96170415,32.186173639041435,600,151918,40,10134,100000,72b107438d399c8df6676da202fa22a0692611c70db7007a21648d24ce0d64d7,1,ok,ev_source_time
