scenario,algorithm,trials,complete_chain_coverage_median,complete_chain_coverage_q1,complete_chain_coverage_q3,complete_chain_coverage_min,complete_chain_coverage_max,exact_chain_accuracy_median,exact_chain_accuracy_q1,exact_chain_accuracy_q3,exact_chain_accuracy_min,exact_chain_accuracy_max,exact_chain_precision_median,exact_chain_precision_q1,exact_chain_precision_q3,exact_chain_precision_min,exact_chain_precision_max,exact_chain_recall_median,exact_chain_recall_q1,exact_chain_recall_q3,exact_chain_recall_min,exact_chain_recall_max,exact_chain_f1_median,exact_chain_f1_q1,exact_chain_f1_q3,exact_chain_f1_min,exact_chain_f1_max,mean_chain_member_coverage_median,mean_chain_member_coverage_q1,mean_chain_member_coverage_q3,mean_chain_member_coverage_min,mean_chain_member_coverage_max,missed_join_rate_median,missed_join_rate_q1,missed_join_rate_q3,missed_join_rate_min,missed_join_rate_max,false_join_rate_median,false_join_rate_q1,false_join_rate_q3,false_join_rate_min,false_join_rate_max,join_precision_median,join_precision_q1,join_precision_q3,join_precision_min,join_precision_max,join_recall_median,join_recall_q1,join_recall_q3,join_recall_min,join_recall_max,ambiguous_group_count_median,ambiguous_group_count_q1,ambiguous_group_count_q3,ambiguous_group_count_min,ambiguous_group_count_max,ambiguous_event_rate_median,ambiguous_event_rate_q1,ambiguous_event_rate_q3,ambiguous_event_rate_min,ambiguous_event_rate_max,accepted_ambiguous_group_count_median,accepted_ambiguous_group_count_q1,accepted_ambiguous_group_count_q3,accepted_ambiguous_group_count_min,accepted_ambiguous_group_count_max,detected_ambiguous_group_count_median,detected_ambiguous_group_count_q1,detected_ambiguous_group_count_q3,detected_ambiguous_group_count_min,detected_ambiguous_group_count_max,ambiguity_detection_precision_median,ambiguity_detection_precision_q1,ambiguity_detection_precision_q3,ambiguity_detection_precision_min,ambiguity_detection_precision_max,ambiguity_detection_recall_median,ambiguity_detection_recall_q1,ambiguity_detection_recall_q3,ambiguity_detection_recall_min,ambiguity_detection_recall_max,source_conflict_group_count_median,source_conflict_group_count_q1,source_conflict_group_count_q3,source_conflict_group_count_min,source_conflict_group_count_max,detected_source_conflict_group_count_median,detected_source_conflict_group_count_q1,detected_source_conflict_group_count_q3,detected_source_conflict_group_count_min,detected_source_conflict_group_count_max,source_conflict_detection_precision_median,source_conflict_detection_precision_q1,source_conflict_detection_precision_q3,source_conflict_detection_precision_min,source_conflict_detection_precision_max,source_conflict_detection_recall_median,source_conflict_detection_recall_q1,source_conflict_detection_recall_q3,source_conflict_detection_recall_min,source_conflict_detection_recall_max,abstained_observation_count_median,abstained_observation_count_q1,abstained_observation_count_q3,abstained_observation_count_min,abstained_observation_count_max,abstention_rate_median,abstention_rate_q1,abstention_rate_q3,abstention_rate_min,abstention_rate_max,deduplicated_observation_count_median,deduplicated_observation_count_q1,deduplicated_observation_count_q3,deduplicated_observation_count_min,deduplicated_observation_count_max,deduplication_rate_median,deduplication_rate_q1,deduplication_rate_q3,deduplication_rate_min,deduplication_rate_max,time_to_completeness_observations_median,time_to_completeness_observations_q1,time_to_completeness_observations_q3,time_to_completeness_observations_min,time_to_completeness_observations_max,time_to_completeness_p50_ms_median,time_to_completeness_p50_ms_q1,time_to_completeness_p50_ms_q3,time_to_completeness_p50_ms_min,time_to_completeness_p50_ms_max,time_to_completeness_p95_ms_median,time_to_completeness_p95_ms_q1,time_to_completeness_p95_ms_q3,time_to_completeness_p95_ms_min,time_to_completeness_p95_ms_max,time_to_completeness_max_ms_median,time_to_completeness_max_ms_q1,time_to_completeness_max_ms_q3,time_to_completeness_max_ms_min,time_to_completeness_max_ms_max,arrival_inversion_count_median,arrival_inversion_count_q1,arrival_inversion_count_q3,arrival_inversion_count_min,arrival_inversion_count_max,arrival_inversion_rate_median,arrival_inversion_rate_q1,arrival_inversion_rate_q3,arrival_inversion_rate_min,arrival_inversion_rate_max
clock_skew_random_10pct_5s,correlation_id_only_ablation,1,1.0,1.0,1.0,1.0,1.0,1.0,1.0,1.0,1.0,1.0,1.0,1.0,1.0,1.0,1.0,1.0,1.0,1.0,1.0,1.0,1.0,1.0,1.0,1.0,1.0,1.0,1.0,1.0,1.0,1.0,0.0,0.0,0.0,0.0,0.0,0.0,0.0,0.0,0.0,0.0,1.0,1.0,1.0,1.0,1.0,1.0,1.0,1.0,1.0,1.0,0.0,0.0,0.0,0.0,0.0,0.0,0.0,0.0,0.0,0.0,0.0,0.0,0.0,0.0,0.0,10.0,10.0,10.0,10.0,10.0,0.0,0.0,0.0,0.0,0.0,,,,,,0.0,0.0,0.0,0.0,0.0,0.0,0.0,0.0,0.0,0.0,,,,,,,,,,,0.0,0.0,0.0,0.0,0.0,0.0,0.0,0.0,0.0,0.0,0.0,0.0,0.0,0.0,0.0,0.0,0.0,0.0,0.0,0.0,24.0,24.0,24.0,24.0,24.0,1275.0,1275.0,1275.0,1275.0,1275.0,1275.0,1275.0,1275.0,1275.0,1275.0,1275.0,1275.0,1275.0,1275.0,1275.0,0.0,0.0,0.0,0.0,0.0,0.0,0.0,0.0,0.0,0.0
clock_skew_random_10pct_5s,naive_temporal_window,1,0.4583333333333333,0.4583333333333333,0.4583333333333333,0.4583333333333333,0.4583333333333333,0.4583333333333333,0.4583333333333333,0.4583333333333333,0.4583333333333333,0.4583333333333333,0.4074074074074074,0.4074074074074074,0.4074074074074074,0.4074074074074074,0.4074074074074074,0.4583333333333333,0.4583333333333333,0.4583333333333333,0.4583333333333333,0.4583333333333333,0.4313725490196078,0.4313725490196078,0.4313725490196078,0.4313725490196078,0.4313725490196078,0.8611111111111112,0.8611111111111112,0.8611111111111112,0.8611111111111112,0.8611111111111112,0.21944444444444444,0.21944444444444444,0.21944444444444444,0.21944444444444444,0.21944444444444444,0.11356466876971609,0.11356466876971609,0.11356466876971609,0.11356466876971609,0.11356466876971609,0.886435331230284,0.886435331230284,0.886435331230284,0.886435331230284,0.886435331230284,0.7805555555555556,0.7805555555555556,0.7805555555555556,0.7805555555555556,0.7805555555555556,4.0,4.0,4.0,4.0,4.0,0.1527777777777778,0.1527777777777778,0.1527777777777778,0.1527777777777778,0.1527777777777778,4.0,4.0,4.0,4.0,4.0,2.0,2.0,2.0,2.0,2.0,1.0,1.0,1.0,1.0,1.0,0.5,0.5,0.5,0.5,0.5,0.0,0.0,0.0,0.0,0.0,0.0,0.0,0.0,0.0,0.0,,,,,,,,,,,0.0,0.0,0.0,0.0,0.0,0.0,0.0,0.0,0.0,0.0,0.0,0.0,0.0,0.0,0.0,0.0,0.0,0.0,0.0,0.0,11.0,11.0,11.0,11.0,11.0,1275.0,1275.0,1275.0,1275.0,1275.0,1275.0,1275.0,1275.0,1275.0,1275.0,1275.0,1275.0,1275.0,1275.0,1275.0,0.0,0.0,0.0,0.0,0.0,0.0,0.0,0.0,0.0,0.0
clock_skew_random_10pct_5s,strict_service_plus_correlation,1,0.5833333333333334,0.5833333333333334,0.5833333333333334,0.5833333333333334,0.5833333333333334,0.5833333333333334,0.5833333333333334,0.5833333333333334,0.5833333333333334,0.5833333333333334,1.0,1.0,1.0,1.0,1.0,0.5833333333333334,0.5833333333333334,0.5833333333333334,0.5833333333333334,0.5833333333333334,0.7368421052631579,0.7368421052631579,0.7368421052631579,0.7368421052631579,0.7368421052631579,0.6527777777777778,0.6527777777777778,0.6527777777777778,0.6527777777777778,0.6527777777777778,0.4166666666666667,0.4166666666666667,0.4166666666666667,0.4166666666666667,0.4166666666666667,0.0,0.0,0.0,0.0,0.0,1.0,1.0,1.0,1.0,1.0,0.5833333333333334,0.5833333333333334,0.5833333333333334,0.5833333333333334,0.5833333333333334,0.0,0.0,0.0,0.0,0.0,0.0,0.0,0.0,0.0,0.0,0.0,0.0,0.0,0.0,0.0,10.0,10.0,10.0,10.0,10.0,0.0,0.0,0.0,0.0,0.0,,,,,,0.0,0.0,0.0,0.0,0.0,0.0,0.0,0.0,0.0,0.0,,,,,,,,,,,60.0,60.0,60.0,60.0,60.0,0.4166666666666667,0.4166666666666667,0.4166666666666667,0.4166666666666667,0.4166666666666667,0.0,0.0,0.0,0.0,0.0,0.0,0.0,0.0,0.0,0.0,14.0,14.0,14.0,14.0,14.0,1275.0,1275.0,1275.0,1275.0,1275.0,1275.0,1275.0,1275.0,1275.0,1275.0,1275.0,1275.0,1275.0,1275.0,1275.0,0.0,0.0,0.0,0.0,0.0,0.0,0.0,0.0,0.0,0.0
collision_cross_service_5pct,correlation_id_only_ablation,1,0.9166666666666666,0.9166666666666666,0.9166666666666666,0.9166666666666666,0.9166666666666666,0.9166666666666666,0.9166666666666666,0.9166666666666666,0.9166666666666666,0.9166666666666666,0.9565217391304348,0.9565217391304348,0.9565217391304348,0.9565217391304348,0.9565217391304348,0.9166666666666666,0.9166666666666666,0.9166666666666666,0.9166666666666666,0.9166666666666666,0.9361702127659574,0.9361702127659574,0.9361702127659574,0.9361702127659574,0.9361702127659574,1.0,1.0,1.0,1.0,1.0,0.0,0.0,0.0,0.0,0.0,0.09090909090909091,0.09090909090909091,0.09090909090909091,0.09090909090909091,0.09090909090909091,0.9090909090909091,0.9090909090909091,0.9090909090909091,0.9090909090909091,0.9090909090909091,1.0,1.0,1.0,1.0,1.0,1.0,1.0,1.0,1.0,1.0,0.08333333333333333,0.08333333333333333,0.08333333333333333,0.08333333333333333,0.08333333333333333,1.0,1.0,1.0,1.0,1.0,1.0,1.0,1.0,1.0,1.0,1.0,1.0,1.0,1.0,1.0,1.0,1.0,1.0,1.0,1.0,0.0,0.0,0.0,0.0,0.0,0.0,0.0,0.0,0.0,0.0,,,,,,,,,,,0.0,0.0,0.0,0.0,0.0,0.0,0.0,0.0,0.0,0.0,0.0,0.0,0.0,0.0,0.0,0.0,0.0,0.0,0.0,0.0,22.0,22.0,22.0,22.0,22.0,1275.0,1275.0,1275.0,1275.0,1275.0,1275.0,1275.0,1275.0,1275.0,1275.0,1275.0,1275.0,1275.0,1275.0,1275.0,0.0,0.0,0.0,0.0,0.0,0.0,0.0,0.0,0.0,0.0
collision_cross_service_5pct,naive_temporal_window,1,0.8333333333333334,0.8333333333333334,0.8333333333333334,0.8333333333333334,0.8333333333333334,0.8333333333333334,0.8333333333333334,0.8333333333333334,0.8333333333333334,0.8333333333333334,0.8333333333333334,0.8333333333333334,0.8333333333333334,0.8333333333333334,0.8333333333333334,0.8333333333333334,0.8333333333333334,0.8333333333333334,0.8333333333333334,0.8333333333333334,0.8333333333333334,0.8333333333333334,0.8333333333333334,0.8333333333333334,0.8333333333333334,0.9583333333333334,0.9583333333333334,0.9583333333333334,0.9583333333333334,0.9583333333333334,0.05,0.05,0.05,0.05,0.05,0.09523809523809523,0.09523809523809523,0.09523809523809523,0.09523809523809523,0.09523809523809523,0.9047619047619048,0.9047619047619048,0.9047619047619048,0.9047619047619048,0.9047619047619048,0.95,0.95,0.95,0.95,0.95,2.0,2.0,2.0,2.0,2.0,0.125,0.125,0.125,0.125,0.125,2.0,2.0,2.0,2.0,2.0,2.0,2.0,2.0,2.0,2.0,1.0,1.0,1.0,1.0,1.0,1.0,1.0,1.0,1.0,1.0,0.0,0.0,0.0,0.0,0.0,0.0,0.0,0.0,0.0,0.0,,,,,,,,,,,0.0,0.0,0.0,0.0,0.0,0.0,0.0,0.0,0.0,0.0,0.0,0.0,0.0,0.0,0.0,0.0,0.0,0.0,0.0,0.0,20.0,20.0,20.0,20.0,20.0,1275.0,1275.0,1275.0,1275.0,1275.0,1275.0,1275.0,1275.0,1275.0,1275.0,1275.0,1275.0,1275.0,1275.0,1275.0,0.0,0.0,0.0,0.0,0.0,0.0,0.0,0.0,0.0,0.0
collision_cross_service_5pct,strict_service_plus_correlation,1,1.0,1.0,1.0,1.0,1.0,1.0,1.0,1.0,1.0,1.0,1.0,1.0,1.0,1.0,1.0,1.0,1.0,1.0,1.0,1.0,1.0,1.0,1.0,1.0,1.0,1.0,1.0,1.0,1.0,1.0,0.0,0.0,0.0,0.0,0.0,0.0,0.0,0.0,0.0,0.0,1.0,1.0,1.0,1.0,1.0,1.0,1.0,1.0,1.0,1.0,0.0,0.0,0.0,0.0,0.0,0.0,0.0,0.0,0.0,0.0,0.0,0.0,0.0,0.0,0.0,0.0,0.0,0.0,0.0,0.0,,,,,,,,,,,0.0,0.0,0.0,0.0,0.0,0.0,0.0,0.0,0.0,0.0,,,,,,,,,,,0.0,0.0,0.0,0.0,0.0,0.0,0.0,0.0,0.0,0.0,0.0,0.0,0.0,0.0,0.0,0.0,0.0,0.0,0.0,0.0,24.0,24.0,24.0,24.0,24.0,1275.0,1275.0,1275.0,1275.0,1275.0,1275.0,1275.0,1275.0,1275.0,1275.0,1275.0,1275.0,1275.0,1275.0,1275.0,0.0,0.0,0.0,0.0,0.0,0.0,0.0,0.0,0.0,0.0
collision_same_service_10pct,correlation_id_only_ablation,1,0.8333333333333334,0.8333333333333334,0.8333333333333334,0.8333333333333334,0.8333333333333334,0.8333333333333334,0.8333333333333334,0.8333333333333334,0.8333333333333334,0.8333333333333334,0.9090909090909091,0.9090909090909091,0.9090909090909091,0.9090909090909091,0.9090909090909091,0.8333333333333334,0.8333333333333334,0.8333333333333334,0.8333333333333334,0.8333333333333334,0.8695652173913043,0.8695652173913043,0.8695652173913043,0.8695652173913043,0.8695652173913043,1.0,1.0,1.0,1.0,1.0,0.0,0.0,0.0,0.0,0.0,0.16666666666666666,0.16666666666666666,0.16666666666666666,0.16666666666666666,0.16666666666666666,0.8333333333333334,0.8333333333333334,0.8333333333333334,0.8333333333333334,0.8333333333333334,1.0,1.0,1.0,1.0,1.0,2.0,2.0,2.0,2.0,2.0,0.16666666666666666,0.16666666666666666,0.16666666666666666,0.16666666666666666,0.16666666666666666,2.0,2.0,2.0,2.0,2.0,2.0,2.0,2.0,2.0,2.0,1.0,1.0,1.0,1.0,1.0,1.0,1.0,1.0,1.0,1.0,0.0,0.0,0.0,0.0,0.0,0.0,0.0,0.0,0.0,0.0,,,,,,,,,,,0.0,0.0,0.0,0.0,0.0,0.0,0.0,0.0,0.0,0.0,0.0,0.0,0.0,0.0,0.0,0.0,0.0,0.0,0.0,0.0,20.0,20.0,20.0,20.0,20.0,1275.0,1275.0,1275.0,1275.0,1275.0,1275.0,1275.0,1275.0,1275.0,1275.0,1275.0,1275.0,1275.0,1275.0,1275.0,0.0,0.0,0.0,0.0,0.0,0.0,0.0,0.0,0.0,0.0
collision_same_service_10pct,naive_temporal_window,1,0.8333333333333334,0.8333333333333334,0.8333333333333334,0.8333333333333334,0.8333333333333334,0.8333333333333334,0.8333333333333334,0.8333333333333334,0.8333333333333334,0.8333333333333334,0.8333333333333334,0.8333333333333334,0.8333333333333334,0.8333333333333334,0.8333333333333334,0.8333333333333334,0.8333333333333334,0.8333333333333334,0.8333333333333334,0.8333333333333334,0.8333333333333334,0.8333333333333334,0.8333333333333334,0.8333333333333334,0.8333333333333334,0.9583333333333334,0.9583333333333334,0.9583333333333334,0.9583333333333334,0.9583333333333334,0.05,0.05,0.05,0.05,0.05,0.09523809523809523,0.09523809523809523,0.09523809523809523,0.09523809523809523,0.09523809523809523,0.9047619047619048,0.9047619047619048,0.9047619047619048,0.9047619047619048,0.9047619047619048,0.95,0.95,0.95,0.95,0.95,2.0,2.0,2.0,2.0,2.0,0.125,0.125,0.125,0.125,0.125,2.0,2.0,2.0,2.0,2.0,2.0,2.0,2.0,2.0,2.0,1.0,1.0,1.0,1.0,1.0,1.0,1.0,1.0,1.0,1.0,0.0,0.0,0.0,0.0,0.0,0.0,0.0,0.0,0.0,0.0,,,,,,,,,,,0.0,0.0,0.0,0.0,0.0,0.0,0.0,0.0,0.0,0.0,0.0,0.0,0.0,0.0,0.0,0.0,0.0,0.0,0.0,0.0,20.0,20.0,20.0,20.0,20.0,1275.0,1275.0,1275.0,1275.0,1275.0,1275.0,1275.0,1275.0,1275.0,1275.0,1275.0,1275.0,1275.0,1275.0,1275.0,0.0,0.0,0.0,0.0,0.0,0.0,0.0,0.0,0.0,0.0
collision_same_service_10pct,strict_service_plus_correlation,1,0.8333333333333334,0.8333333333333334,0.8333333333333334,0.8333333333333334,0.8333333333333334,0.8333333333333334,0.8333333333333334,0.8333333333333334,0.8333333333333334,0.8333333333333334,1.0,1.0,1.0,1.0,1.0,0.8333333333333334,0.8333333333333334,0.8333333333333334,0.8333333333333334,0.8333333333333334,0.9090909090909091,0.9090909090909091,0.9090909090909091,0.9090909090909091,0.9090909090909091,0.8611111111111112,0.8611111111111112,0.8611111111111112,0.8611111111111112,0.8611111111111112,0.16666666666666666,0.16666666666666666,0.16666666666666666,0.16666666666666666,0.16666666666666666,0.0,0.0,0.0,0.0,0.0,1.0,1.0,1.0,1.0,1.0,0.8333333333333334,0.8333333333333334,0.8333333333333334,0.8333333333333334,0.8333333333333334,2.0,2.0,2.0,2.0,2.0,0.16666666666666666,0.16666666666666666,0.16666666666666666,0.16666666666666666,0.16666666666666666,0.0,0.0,0.0,0.0,0.0,2.0,2.0,2.0,2.0,2.0,1.0,1.0,1.0,1.0,1.0,1.0,1.0,1.0,1.0,1.0,0.0,0.0,0.0,0.0,0.0,0.0,0.0,0.0,0.0,0.0,,,,,,,,,,,24.0,24.0,24.0,24.0,24.0,0.16666666666666666,0.16666666666666666,0.16666666666666666,0.16666666666666666,0.16666666666666666,0.0,0.0,0.0,0.0,0.0,0.0,0.0,0.0,0.0,0.0,20.0,20.0,20.0,20.0,20.0,1275.0,1275.0,1275.0,1275.0,1275.0,1275.0,1275.0,1275.0,1275.0,1275.0,1275.0,1275.0,1275.0,1275.0,1275.0,0.0,0.0,0.0,0.0,0.0,0.0,0.0,0.0,0.0,0.0
collision_same_service_1pct,correlation_id_only_ablation,1,1.0,1.0,1.0,1.0,1.0,1.0,1.0,1.0,1.0,1.0,1.0,1.0,1.0,1.0,1.0,1.0,1.0,1.0,1.0,1.0,1.0,1.0,1.0,1.0,1.0,1.0,1.0,1.0,1.0,1.0,0.0,0.0,0.0,0.0,0.0,0.0,0.0,0.0,0.0,0.0,1.0,1.0,1.0,1.0,1.0,1.0,1.0,1.0,1.0,1.0,0.0,0.0,0.0,0.0,0.0,0.0,0.0,0.0,0.0,0.0,0.0,0.0,0.0,0.0,0.0,0.0,0.0,0.0,0.0,0.0,,,,,,,,,,,0.0,0.0,0.0,0.0,0.0,0.0,0.0,0.0,0.0,0.0,,,,,,,,,,,0.0,0.0,0.0,0.0,0.0,0.0,0.0,0.0,0.0,0.0,0.0,0.0,0.0,0.0,0.0,0.0,0.0,0.0,0.0,0.0,24.0,24.0,24.0,24.0,24.0,1275.0,1275.0,1275.0,1275.0,1275.0,1275.0,1275.0,1275.0,1275.0,1275.0,1275.0,1275.0,1275.0,1275.0,1275.0,0.0,0.0,0.0,0.0,0.0,0.0,0.0,0.0,0.0,0.0
collision_same_service_1pct,naive_temporal_window,1,0.8333333333333334,0.8333333333333334,0.8333333333333334,0.8333333333333334,0.8333333333333334,0.8333333333333334,0.8333333333333334,0.8333333333333334,0.8333333333333334,0.8333333333333334,0.8333333333333334,0.8333333333333334,0.8333333333333334,0.8333333333333334,0.8333333333333334,0.8333333333333334,0.8333333333333334,0.8333333333333334,0.8333333333333334,0.8333333333333334,0.8333333333333334,0.8333333333333334,0.8333333333333334,0.8333333333333334,0.8333333333333334,0.9583333333333334,0.9583333333333334,0.9583333333333334,0.9583333333333334,0.9583333333333334,0.05,0.05,0.05,0.05,0.05,0.09523809523809523,0.09523809523809523,0.09523809523809523,0.09523809523809523,0.09523809523809523,0.9047619047619048,0.9047619047619048,0.9047619047619048,0.9047619047619048,0.9047619047619048,0.95,0.95,0.95,0.95,0.95,2.0,2.0,2.0,2.0,2.0,0.125,0.125,0.125,0.125,0.125,2.0,2.0,2.0,2.0,2.0,2.0,2.0,2.0,2.0,2.0,1.0,1.0,1.0,1.0,1.0,1.0,1.0,1.0,1.0,1.0,0.0,0.0,0.0,0.0,0.0,0.0,0.0,0.0,0.0,0.0,,,,,,,,,,,0.0,0.0,0.0,0.0,0.0,0.0,0.0,0.0,0.0,0.0,0.0,0.0,0.0,0.0,0.0,0.0,0.0,0.0,0.0,0.0,20.0,20.0,20.0,20.0,20.0,1275.0,1275.0,1275.0,1275.0,1275.0,1275.0,1275.0,1275.0,1275.0,1275.0,1275.0,1275.0,1275.0,1275.0,1275.0,0.0,0.0,0.0,0.0,0.0,0.0,0.0,0.0,0.0,0.0
collision_same_service_1pct,strict_service_plus_correlation,1,1.0,1.0,1.0,1.0,1.0,1.0,1.0,1.0,1.0,1.0,1.0,1.0,1.0,1.0,1.0,1.0,1.0,1.0,1.0,1.0,1.0,1.0,1.0,1.0,1.0,1.0,1.0,1.0,1.0,1.0,0.0,0.0,0.0,0.0,0.0,0.0,0.0,0.0,0.0,0.0,1.0,1.0,1.0,1.0,1.0,1.0,1.0,1.0,1.0,1.0,0.0,0.0,0.0,0.0,0.0,0.0,0.0,0.0,0.0,0.0,0.0,0.0,0.0,0.0,0.0,0.0,0.0,0.0,0.0,0.0,,,,,,,,,,,0.0,0.0,0.0,0.0,0.0,0.0,0.0,0.0,0.0,0.0,,,,,,,,,,,0.0,0.0,0.0,0.0,0.0,0.0,0.0,0.0,0.0,0.0,0.0,0.0,0.0,0.0,0.0,0.0,0.0,0.0,0.0,0.0,24.0,24.0,24.0,24.0,24.0,1275.0,1275.0,1275.0,1275.0,1275.0,1275.0,1275.0,1275.0,1275.0,1275.0,1275.0,1275.0,1275.0,1275.0,1275.0,0.0,0.0,0.0,0.0,0.0,0.0,0.0,0.0,0.0,0.0
collision_same_service_5pct,correlation_id_only_ablation,1,0.9166666666666666,0.9166666666666666,0.9166666666666666,0.9166666666666666,0.9166666666666666,0.9166666666666666,0.9166666666666666,0.9166666666666666,0.9166666666666666,0.9166666666666666,0.9565217391304348,0.9565217391304348,0.9565217391304348,0.9565217391304348,0.9565217391304348,0.9166666666666666,0.9166666666666666,0.9166666666666666,0.9166666666666666,0.9166666666666666,0.9361702127659574,0.9361702127659574,0.9361702127659574,0.9361702127659574,0.9361702127659574,1.0,1.0,1.0,1.0,1.0,0.0,0.0,0.0,0.0,0.0,0.09090909090909091,0.09090909090909091,0.09090909090909091,0.09090909090909091,0.09090909090909091,0.9090909090909091,0.9090909090909091,0.9090909090909091,0.9090909090909091,0.9090909090909091,1.0,1.0,1.0,1.0,1.0,1.0,1.0,1.0,1.0,1.0,0.08333333333333333,0.08333333333333333,0.08333333333333333,0.08333333333333333,0.08333333333333333,1.0,1.0,1.0,1.0,1.0,1.0,1.0,1.0,1.0,1.0,1.0,1.0,1.0,1.0,1.0,1.0,1.0,1.0,1.0,1.0,0.0,0.0,0.0,0.0,0.0,0.0,0.0,0.0,0.0,0.0,,,,,,,,,,,0.0,0.0,0.0,0.0,0.0,0.0,0.0,0.0,0.0,0.0,0.0,0.0,0.0,0.0,0.0,0.0,0.0,0.0,0.0,0.0,22.0,22.0,22.0,22.0,22.0,1275.0,1275.0,1275.0,1275.0,1275.0,1275.0,1275.0,1275.0,1275.0,1275.0,1275.0,1275.0,1275.0,1275.0,1275.0,0.0,0.0,0.0,0.0,0.0,0.0,0.0,0.0,0.0,0.0
collision_same_service_5pct,naive_temporal_window,1,0.8333333333333334,0.8333333333333334,0.8333333333333334,0.8333333333333334,0.8333333333333334,0.8333333333333334,0.8333333333333334,0.8333333333333334,0.8333333333333334,0.8333333333333334,0.8333333333333334,0.8333333333333334,0.8333333333333334,0.8333333333333334,0.8333333333333334,0.8333333333333334,0.8333333333333334,0.8333333333333334,0.8333333333333334,0.8333333333333334,0.8333333333333334,0.8333333333333334,0.8333333333333334,0.8333333333333334,0.8333333333333334,0.9583333333333334,0.9583333333333334,0.9583333333333334,0.9583333333333334,0.9583333333333334,0.05,0.05,0.05,0.05,0.05,0.09523809523809523,0.09523809523809523,0.09523809523809523,0.09523809523809523,0.09523809523809523,0.9047619047619048,0.9047619047619048,0.9047619047619048,0.9047619047619048,0.9047619047619048,0.95,0.95,0.95,0.95,0.95,2.0,2.0,2.0,2.0,2.0,0.125,0.125,0.125,0.125,0.125,2.0,2.0,2.0,2.0,2.0,2.0,2.0,2.0,2.0,2.0,1.0,1.0,1.0,1.0,1.0,1.0,1.0,1.0,1.0,1.0,0.0,0.0,0.0,0.0,0.0,0.0,0.0,0.0,0.0,0.0,,,,,,,,,,,0.0,0.0,0.0,0.0,0.0,0.0,0.0,0.0,0.0,0.0,0.0,0.0,0.0,0.0,0.0,0.0,0.0,0.0,0.0,0.0,20.0,20.0,20.0,20.0,20.0,1275.0,1275.0,1275.0,1275.0,1275.0,1275.0,1275.0,1275.0,1275.0,1275.0,1275.0,1275.0,1275.0,1275.0,1275.0,0.0,0.0,0.0,0.0,0.0,0.0,0.0,0.0,0.0,0.0
collision_same_service_5pct,strict_service_plus_correlation,1,0.9166666666666666,0.9166666666666666,0.9166666666666666,0.9166666666666666,0.9166666666666666,0.9166666666666666,0.9166666666666666,0.9166666666666666,0.9166666666666666,0.9166666666666666,1.0,1.0,1.0,1.0,1.0,0.9166666666666666,0.9166666666666666,0.9166666666666666,0.9166666666666666,0.9166666666666666,0.9565217391304348,0.9565217391304348,0.9565217391304348,0.9565217391304348,0.9565217391304348,0.9305555555555556,0.9305555555555556,0.9305555555555556,0.9305555555555556,0.9305555555555556,0.08333333333333333,0.08333333333333333,0.08333333333333333,0.08333333333333333,0.08333333333333333,0.0,0.0,0.0,0.0,0.0,1.0,1.0,1.0,1.0,1.0,0.9166666666666666,0.9166666666666666,0.9166666666666666,0.9166666666666666,0.9166666666666666,1.0,1.0,1.0,1.0,1.0,0.08333333333333333,0.08333333333333333,0.08333333333333333,0.08333333333333333,0.08333333333333333,0.0,0.0,0.0,0.0,0.0,1.0,1.0,1.0,1.0,1.0,1.0,1.0,1.0,1.0,1.0,1.0,1.0,1.0,1.0,1.0,0.0,0.0,0.0,0.0,0.0,0.0,0.0,0.0,0.0,0.0,,,,,,,,,,,12.0,12.0,12.0,12.0,12.0,0.08333333333333333,0.08333333333333333,0.08333333333333333,0.08333333333333333,0.08333333333333333,0.0,0.0,0.0,0.0,0.0,0.0,0.0,0.0,0.0,0.0,22.0,22.0,22.0,22.0,22.0,1275.0,1275.0,1275.0,1275.0,1275.0,1275.0,1275.0,1275.0,1275.0,1275.0,1275.0,1275.0,1275.0,1275.0,1275.0,0.0,0.0,0.0,0.0,0.0,0.0,0.0,0.0,0.0,0.0
compound_adversarial,correlation_id_only_ablation,1,0.5833333333333334,0.5833333333333334,0.5833333333333334,0.5833333333333334,0.5833333333333334,0.5833333333333334,0.5833333333333334,0.5833333333333334,0.5833333333333334,0.5833333333333334,0.6086956521739131,0.6086956521739131,0.6086956521739131,0.6086956521739131,0.6086956521739131,0.5833333333333334,0.5833333333333334,0.5833333333333334,0.5833333333333334,0.5833333333333334,0.5957446808510638,0.5957446808510638,0.5957446808510638,0.5957446808510638,0.5957446808510638,0.9027777777777778,0.9027777777777778,0.9027777777777778,0.9027777777777778,0.9027777777777778,0.175,0.175,0.175,0.175,0.175,0.03257328990228013,0.03257328990228013,0.03257328990228013,0.03257328990228013,0.03257328990228013,0.9674267100977199,0.9674267100977199,0.9674267100977199,0.9674267100977199,0.9674267100977199,0.825,0.825,0.825,0.825,0.825,1.0,1.0,1.0,1.0,1.0,0.04861111111111111,0.04861111111111111,0.04861111111111111,0.04861111111111111,0.04861111111111111,1.0,1.0,1.0,1.0,1.0,1.0,1.0,1.0,1.0,1.0,1.0,1.0,1.0,1.0,1.0,1.0,1.0,1.0,1.0,1.0,0.0,0.0,0.0,0.0,0.0,0.0,0.0,0.0,0.0,0.0,,,,,,,,,,,14.0,14.0,14.0,14.0,14.0,0.09722222222222222,0.09722222222222222,0.09722222222222222,0.09722222222222222,0.09722222222222222,0.0,0.0,0.0,0.0,0.0,0.0,0.0,0.0,0.0,0.0,14.0,14.0,14.0,14.0,14.0,17543.5,17543.5,17543.5,17543.5,17543.5,32619.75,32619.75,32619.75,32619.75,32619.75,32883.0,32883.0,32883.0,32883.0,32883.0,1023.0,1023.0,1023.0,1023.0,1023.0,0.09935897435897435,0.09935897435897435,0.09935897435897435,0.09935897435897435,0.09935897435897435
compound_adversarial,naive_temporal_window,1,0.8333333333333334,0.8333333333333334,0.8333333333333334,0.8333333333333334,0.8333333333333334,0.8333333333333334,0.8333333333333334,0.8333333333333334,0.8333333333333334,0.8333333333333334,0.8333333333333334,0.8333333333333334,0.8333333333333334,0.8333333333333334,0.8333333333333334,0.8333333333333334,0.8333333333333334,0.8333333333333334,0.8333333333333334,0.8333333333333334,0.8333333333333334,0.8333333333333334,0.8333333333333334,0.8333333333333334,0.8333333333333334,0.9583333333333334,0.9583333333333334,0.9583333333333334,0.9583333333333334,0.9583333333333334,0.05,0.05,0.05,0.05,0.05,0.09523809523809523,0.09523809523809523,0.09523809523809523,0.09523809523809523,0.09523809523809523,0.9047619047619048,0.9047619047619048,0.9047619047619048,0.9047619047619048,0.9047619047619048,0.95,0.95,0.95,0.95,0.95,2.0,2.0,2.0,2.0,2.0,0.125,0.125,0.125,0.125,0.125,2.0,2.0,2.0,2.0,2.0,2.0,2.0,2.0,2.0,2.0,1.0,1.0,1.0,1.0,1.0,1.0,1.0,1.0,1.0,1.0,0.0,0.0,0.0,0.0,0.0,0.0,0.0,0.0,0.0,0.0,,,,,,,,,,,0.0,0.0,0.0,0.0,0.0,0.0,0.0,0.0,0.0,0.0,0.0,0.0,0.0,0.0,0.0,0.0,0.0,0.0,0.0,0.0,20.0,20.0,20.0,20.0,20.0,30819.5,30819.5,30819.5,30819.5,30819.5,32821.25,32821.25,32821.25,32821.25,32821.25,32883.0,32883.0,32883.0,32883.0,32883.0,1023.0,1023.0,1023.0,1023.0,1023.0,0.09935897435897435,0.09935897435897435,0.09935897435897435,0.09935897435897435,0.09935897435897435
compound_adversarial,strict_service_plus_correlation,1,0.5833333333333334,0.5833333333333334,0.5833333333333334,0.5833333333333334,0.5833333333333334,0.5833333333333334,0.5833333333333334,0.5833333333333334,0.5833333333333334,0.5833333333333334,0.6363636363636364,0.6363636363636364,0.6363636363636364,0.6363636363636364,0.6363636363636364,0.5833333333333334,0.5833333333333334,0.5833333333333334,0.5833333333333334,0.5833333333333334,0.6086956521739131,0.6086956521739131,0.6086956521739131,0.6086956521739131,0.6086956521739131,0.8680555555555556,0.8680555555555556,0.8680555555555556,0.8680555555555556,0.8680555555555556,0.20555555555555555,0.20555555555555555,0.20555555555555555,0.20555555555555555,0.20555555555555555,0.0,0.0,0.0,0.0,0.0,1.0,1.0,1.0,1.0,1.0,0.7944444444444444,0.7944444444444444,0.7944444444444444,0.7944444444444444,0.7944444444444444,1.0,1.0,1.0,1.0,1.0,0.04861111111111111,0.04861111111111111,0.04861111111111111,0.04861111111111111,0.04861111111111111,0.0,0.0,0.0,0.0,0.0,1.0,1.0,1.0,1.0,1.0,1.0,1.0,1.0,1.0,1.0,1.0,1.0,1.0,1.0,1.0,0.0,0.0,0.0,0.0,0.0,0.0,0.0,0.0,0.0,0.0,,,,,,,,,,,21.0,21.0,21.0,21.0,21.0,0.14583333333333334,0.14583333333333334,0.14583333333333334,0.14583333333333334,0.14583333333333334,0.0,0.0,0.0,0.0,0.0,0.0,0.0,0.0,0.0,0.0,14.0,14.0,14.0,14.0,14.0,17543.5,17543.5,17543.5,17543.5,17543.5,32619.75,32619.75,32619.75,32619.75,32619.75,32883.0,32883.0,32883.0,32883.0,32883.0,1023.0,1023.0,1023.0,1023.0,1023.0,0.09935897435897435,0.09935897435897435,0.09935897435897435,0.09935897435897435,0.09935897435897435
control,correlation_id_only_ablation,1,1.0,1.0,1.0,1.0,1.0,1.0,1.0,1.0,1.0,1.0,1.0,1.0,1.0,1.0,1.0,1.0,1.0,1.0,1.0,1.0,1.0,1.0,1.0,1.0,1.0,1.0,1.0,1.0,1.0,1.0,0.0,0.0,0.0,0.0,0.0,0.0,0.0,0.0,0.0,0.0,1.0,1.0,1.0,1.0,1.0,1.0,1.0,1.0,1.0,1.0,0.0,0.0,0.0,0.0,0.0,0.0,0.0,0.0,0.0,0.0,0.0,0.0,0.0,0.0,0.0,0.0,0.0,0.0,0.0,0.0,,,,,,,,,,,0.0,0.0,0.0,0.0,0.0,0.0,0.0,0.0,0.0,0.0,,,,,,,,,,,0.0,0.0,0.0,0.0,0.0,0.0,0.0,0.0,0.0,0.0,0.0,0.0,0.0,0.0,0.0,0.0,0.0,0.0,0.0,0.0,24.0,24.0,24.0,24.0,24.0,1275.0,1275.0,1275.0,1275.0,1275.0,1275.0,1275.0,1275.0,1275.0,1275.0,1275.0,1275.0,1275.0,1275.0,1275.0,0.0,0.0,0.0,0.0,0.0,0.0,0.0,0.0,0.0,0.0
control,naive_temporal_window,1,0.8333333333333334,0.8333333333333334,0.8333333333333334,0.8333333333333334,0.8333333333333334,0.8333333333333334,0.8333333333333334,0.8333333333333334,0.8333333333333334,0.8333333333333334,0.8333333333333334,0.8333333333333334,0.8333333333333334,0.8333333333333334,0.8333333333333334,0.8333333333333334,0.8333333333333334,0.8333333333333334,0.8333333333333334,0.8333333333333334,0.8333333333333334,0.8333333333333334,0.8333333333333334,0.8333333333333334,0.8333333333333334,0.9583333333333334,0.9583333333333334,0.9583333333333334,0.9583333333333334,0.9583333333333334,0.05,0.05,0.05,0.05,0.05,0.09523809523809523,0.09523809523809523,0.09523809523809523,0.09523809523809523,0.09523809523809523,0.9047619047619048,0.9047619047619048,0.9047619047619048,0.9047619047619048,0.9047619047619048,0.95,0.95,0.95,0.95,0.95,2.0,2.0,2.0,2.0,2.0,0.125,0.125,0.125,0.125,0.125,2.0,2.0,2.0,2.0,2.0,2.0,2.0,2.0,2.0,2.0,1.0,1.0,1.0,1.0,1.0,1.0,1.0,1.0,1.0,1.0,0.0,0.0,0.0,0.0,0.0,0.0,0.0,0.0,0.0,0.0,,,,,,,,,,,0.0,0.0,0.0,0.0,0.0,0.0,0.0,0.0,0.0,0.0,0.0,0.0,0.0,0.0,0.0,0.0,0.0,0.0,0.0,0.0,20.0,20.0,20.0,20.0,20.0,1275.0,1275.0,1275.0,1275.0,1275.0,1275.0,1275.0,1275.0,1275.0,1275.0,1275.0,1275.0,1275.0,1275.0,1275.0,0.0,0.0,0.0,0.0,0.0,0.0,0.0,0.0,0.0,0.0
control,strict_service_plus_correlation,1,1.0,1.0,1.0,1.0,1.0,1.0,1.0,1.0,1.0,1.0,1.0,1.0,1.0,1.0,1.0,1.0,1.0,1.0,1.0,1.0,1.0,1.0,1.0,1.0,1.0,1.0,1.0,1.0,1.0,1.0,0.0,0.0,0.0,0.0,0.0,0.0,0.0,0.0,0.0,0.0,1.0,1.0,1.0,1.0,1.0,1.0,1.0,1.0,1.0,1.0,0.0,0.0,0.0,0.0,0.0,0.0,0.0,0.0,0.0,0.0,0.0,0.0,0.0,0.0,0.0,0.0,0.0,0.0,0.0,0.0,,,,,,,,,,,0.0,0.0,0.0,0.0,0.0,0.0,0.0,0.0,0.0,0.0,,,,,,,,,,,0.0,0.0,0.0,0.0,0.0,0.0,0.0,0.0,0.0,0.0,0.0,0.0,0.0,0.0,0.0,0.0,0.0,0.0,0.0,0.0,24.0,24.0,24.0,24.0,24.0,1275.0,1275.0,1275.0,1275.0,1275.0,1275.0,1275.0,1275.0,1275.0,1275.0,1275.0,1275.0,1275.0,1275.0,1275.0,0.0,0.0,0.0,0.0,0.0,0.0,0.0,0.0,0.0,0.0
duplicate_exact_10pct,correlation_id_only_ablation,1,1.0,1.0,1.0,1.0,1.0,1.0,1.0,1.0,1.0,1.0,1.0,1.0,1.0,1.0,1.0,1.0,1.0,1.0,1.0,1.0,1.0,1.0,1.0,1.0,1.0,1.0,1.0,1.0,1.0,1.0,0.0,0.0,0.0,0.0,0.0,0.0,0.0,0.0,0.0,0.0,1.0,1.0,1.0,1.0,1.0,1.0,1.0,1.0,1.0,1.0,0.0,0.0,0.0,0.0,0.0,0.0,0.0,0.0,0.0,0.0,0.0,0.0,0.0,0.0,0.0,0.0,0.0,0.0,0.0,0.0,,,,,,,,,,,0.0,0.0,0.0,0.0,0.0,0.0,0.0,0.0,0.0,0.0,,,,,,,,,,,0.0,0.0,0.0,0.0,0.0,0.0,0.0,0.0,0.0,0.0,14.0,14.0,14.0,14.0,14.0,0.08860759493670886,0.08860759493670886,0.08860759493670886,0.08860759493670886,0.08860759493670886,24.0,24.0,24.0,24.0,24.0,1275.0,1275.0,1275.0,1275.0,1275.0,1275.0,1275.0,1275.0,1275.0,1275.0,1275.0,1275.0,1275.0,1275.0,1275.0,0.0,0.0,0.0,0.0,0.0,0.0,0.0,0.0,0.0,0.0
duplicate_exact_10pct,naive_temporal_window,1,0.8333333333333334,0.8333333333333334,0.8333333333333334,0.8333333333333334,0.8333333333333334,0.8333333333333334,0.8333333333333334,0.8333333333333334,0.8333333333333334,0.8333333333333334,0.8333333333333334,0.8333333333333334,0.8333333333333334,0.8333333333333334,0.8333333333333334,0.8333333333333334,0.8333333333333334,0.8333333333333334,0.8333333333333334,0.8333333333333334,0.8333333333333334,0.8333333333333334,0.8333333333333334,0.8333333333333334,0.8333333333333334,0.9583333333333334,0.9583333333333334,0.9583333333333334,0.9583333333333334,0.9583333333333334,0.05,0.05,0.05,0.05,0.05,0.09523809523809523,0.09523809523809523,0.09523809523809523,0.09523809523809523,0.09523809523809523,0.9047619047619048,0.9047619047619048,0.9047619047619048,0.9047619047619048,0.9047619047619048,0.95,0.95,0.95,0.95,0.95,2.0,2.0,2.0,2.0,2.0,0.125,0.125,0.125,0.125,0.125,2.0,2.0,2.0,2.0,2.0,2.0,2.0,2.0,2.0,2.0,1.0,1.0,1.0,1.0,1.0,1.0,1.0,1.0,1.0,1.0,0.0,0.0,0.0,0.0,0.0,0.0,0.0,0.0,0.0,0.0,,,,,,,,,,,0.0,0.0,0.0,0.0,0.0,0.0,0.0,0.0,0.0,0.0,14.0,14.0,14.0,14.0,14.0,0.08860759493670886,0.08860759493670886,0.08860759493670886,0.08860759493670886,0.08860759493670886,20.0,20.0,20.0,20.0,20.0,1275.0,1275.0,1275.0,1275.0,1275.0,1275.0,1275.0,1275.0,1275.0,1275.0,1275.0,1275.0,1275.0,1275.0,1275.0,0.0,0.0,0.0,0.0,0.0,0.0,0.0,0.0,0.0,0.0
duplicate_exact_10pct,strict_service_plus_correlation,1,1.0,1.0,1.0,1.0,1.0,1.0,1.0,1.0,1.0,1.0,1.0,1.0,1.0,1.0,1.0,1.0,1.0,1.0,1.0,1.0,1.0,1.0,1.0,1.0,1.0,1.0,1.0,1.0,1.0,1.0,0.0,0.0,0.0,0.0,0.0,0.0,0.0,0.0,0.0,0.0,1.0,1.0,1.0,1.0,1.0,1.0,1.0,1.0,1.0,1.0,0.0,0.0,0.0,0.0,0.0,0.0,0.0,0.0,0.0,0.0,0.0,0.0,0.0,0.0,0.0,0.0,0.0,0.0,0.0,0.0,,,,,,,,,,,0.0,0.0,0.0,0.0,0.0,0.0,0.0,0.0,0.0,0.0,,,,,,,,,,,0.0,0.0,0.0,0.0,0.0,0.0,0.0,0.0,0.0,0.0,14.0,14.0,14.0,14.0,14.0,0.08860759493670886,0.08860759493670886,0.08860759493670886,0.08860759493670886,0.08860759493670886,24.0,24.0,24.0,24.0,24.0,1275.0,1275.0,1275.0,1275.0,1275.0,1275.0,1275.0,1275.0,1275.0,1275.0,1275.0,1275.0,1275.0,1275.0,1275.0,0.0,0.0,0.0,0.0,0.0,0.0,0.0,0.0,0.0,0.0
duplicate_source_conflict_5pct,correlation_id_only_ablation,1,0.7083333333333334,0.7083333333333334,0.7083333333333334,0.7083333333333334,0.7083333333333334,0.7083333333333334,0.7083333333333334,0.7083333333333334,0.7083333333333334,0.7083333333333334,0.7083333333333334,0.7083333333333334,0.7083333333333334,0.7083333333333334,0.7083333333333334,0.7083333333333334,0.7083333333333334,0.7083333333333334,0.7083333333333334,0.7083333333333334,0.7083333333333334,0.7083333333333334,0.7083333333333334,0.7083333333333334,0.7083333333333334,1.0,1.0,1.0,1.0,1.0,0.0,0.0,0.0,0.0,0.0,0.1044776119402985,0.1044776119402985,0.1044776119402985,0.1044776119402985,0.1044776119402985,0.8955223880597015,0.8955223880597015,0.8955223880597015,0.8955223880597015,0.8955223880597015,1.0,1.0,1.0,1.0,1.0,0.0,0.0,0.0,0.0,0.0,0.0,0.0,0.0,0.0,0.0,0.0,0.0,0.0,0.0,0.0,7.0,7.0,7.0,7.0,7.0,0.0,0.0,0.0,0.0,0.0,,,,,,7.0,7.0,7.0,7.0,7.0,7.0,7.0,7.0,7.0,7.0,1.0,1.0,1.0,1.0,1.0,1.0,1.0,1.0,1.0,1.0,0.0,0.0,0.0,0.0,0.0,0.0,0.0,0.0,0.0,0.0,0.0,0.0,0.0,0.0,0.0,0.0,0.0,0.0,0.0,0.0,17.0,17.0,17.0,17.0,17.0,1275.0,1275.0,1275.0,1275.0,1275.0,1275.0,1275.0,1275.0,1275.0,1275.0,1275.0,1275.0,1275.0,1275.0,1275.0,0.0,0.0,0.0,0.0,0.0,0.0,0.0,0.0,0.0,0.0
duplicate_source_conflict_5pct,naive_temporal_window,1,0.5833333333333334,0.5833333333333334,0.5833333333333334,0.5833333333333334,0.5833333333333334,0.5833333333333334,0.5833333333333334,0.5833333333333334,0.5833333333333334,0.5833333333333334,0.5833333333333334,0.5833333333333334,0.5833333333333334,0.5833333333333334,0.5833333333333334,0.5833333333333334,0.5833333333333334,0.5833333333333334,0.5833333333333334,0.5833333333333334,0.5833333333333334,0.5833333333333334,0.5833333333333334,0.5833333333333334,0.5833333333333334,0.9583333333333334,0.9583333333333334,0.9583333333333334,0.9583333333333334,0.9583333333333334,0.05,0.05,0.05,0.05,0.05,0.19148936170212766,0.19148936170212766,0.19148936170212766,0.19148936170212766,0.19148936170212766,0.8085106382978723,0.8085106382978723,0.8085106382978723,0.8085106382978723,0.8085106382978723,0.95,0.95,0.95,0.95,0.95,2.0,2.0,2.0,2.0,2.0,0.125,0.125,0.125,0.125,0.125,2.0,2.0,2.0,2.0,2.0,8.0,8.0,8.0,8.0,8.0,0.25,0.25,0.25,0.25,0.25,1.0,1.0,1.0,1.0,1.0,7.0,7.0,7.0,7.0,7.0,7.0,7.0,7.0,7.0,7.0,1.0,1.0,1.0,1.0,1.0,1.0,1.0,1.0,1.0,1.0,0.0,0.0,0.0,0.0,0.0,0.0,0.0,0.0,0.0,0.0,0.0,0.0,0.0,0.0,0.0,0.0,0.0,0.0,0.0,0.0,14.0,14.0,14.0,14.0,14.0,1275.0,1275.0,1275.0,1275.0,1275.0,1275.0,1275.0,1275.0,1275.0,1275.0,1275.0,1275.0,1275.0,1275.0,1275.0,0.0,0.0,0.0,0.0,0.0,0.0,0.0,0.0,0.0,0.0
duplicate_source_conflict_5pct,strict_service_plus_correlation,1,0.7083333333333334,0.7083333333333334,0.7083333333333334,0.7083333333333334,0.7083333333333334,0.7083333333333334,0.7083333333333334,0.7083333333333334,0.7083333333333334,0.7083333333333334,0.7083333333333334,0.7083333333333334,0.7083333333333334,0.7083333333333334,0.7083333333333334,0.7083333333333334,0.7083333333333334,0.7083333333333334,0.7083333333333334,0.7083333333333334,0.7083333333333334,0.7083333333333334,0.7083333333333334,0.7083333333333334,0.7083333333333334,0.951388888888889,0.951388888888889,0.951388888888889,0.951388888888889,0.951388888888889,0.09722222222222222,0.09722222222222222,0.09722222222222222,0.09722222222222222,0.09722222222222222,0.0,0.0,0.0,0.0,0.0,1.0,1.0,1.0,1.0,1.0,0.9027777777777778,0.9027777777777778,0.9027777777777778,0.9027777777777778,0.9027777777777778,0.0,0.0,0.0,0.0,0.0,0.0,0.0,0.0,0.0,0.0,0.0,0.0,0.0,0.0,0.0,0.0,0.0,0.0,0.0,0.0,,,,,,,,,,,7.0,7.0,7.0,7.0,7.0,7.0,7.0,7.0,7.0,7.0,1.0,1.0,1.0,1.0,1.0,1.0,1.0,1.0,1.0,1.0,14.0,14.0,14.0,14.0,14.0,0.09271523178807947,0.09271523178807947,0.09271523178807947,0.09271523178807947,0.09271523178807947,0.0,0.0,0.0,0.0,0.0,0.0,0.0,0.0,0.0,0.0,17.0,17.0,17.0,17.0,17.0,1275.0,1275.0,1275.0,1275.0,1275.0,1275.0,1275.0,1275.0,1275.0,1275.0,1275.0,1275.0,1275.0,1275.0,1275.0,0.0,0.0,0.0,0.0,0.0,0.0,0.0,0.0,0.0,0.0
late_arrival_10pct_30s,correlation_id_only_ablation,1,1.0,1.0,1.0,1.0,1.0,1.0,1.0,1.0,1.0,1.0,1.0,1.0,1.0,1.0,1.0,1.0,1.0,1.0,1.0,1.0,1.0,1.0,1.0,1.0,1.0,1.0,1.0,1.0,1.0,1.0,0.0,0.0,0.0,0.0,0.0,0.0,0.0,0.0,0.0,0.0,1.0,1.0,1.0,1.0,1.0,1.0,1.0,1.0,1.0,1.0,0.0,0.0,0.0,0.0,0.0,0.0,0.0,0.0,0.0,0.0,0.0,0.0,0.0,0.0,0.0,0.0,0.0,0.0,0.0,0.0,,,,,,,,,,,0.0,0.0,0.0,0.0,0.0,0.0,0.0,0.0,0.0,0.0,,,,,,,,,,,0.0,0.0,0.0,0.0,0.0,0.0,0.0,0.0,0.0,0.0,0.0,0.0,0.0,0.0,0.0,0.0,0.0,0.0,0.0,0.0,24.0,24.0,24.0,24.0,24.0,15650.0,15650.0,15650.0,15650.0,15650.0,31025.0,31025.0,31025.0,31025.0,31025.0,31275.0,31275.0,31275.0,31275.0,31275.0,754.0,754.0,754.0,754.0,754.0,0.07323232323232323,0.07323232323232323,0.07323232323232323,0.07323232323232323,0.07323232323232323
late_arrival_10pct_30s,naive_temporal_window,1,0.8333333333333334,0.8333333333333334,0.8333333333333334,0.8333333333333334,0.8333333333333334,0.8333333333333334,0.8333333333333334,0.8333333333333334,0.8333333333333334,0.8333333333333334,0.8333333333333334,0.8333333333333334,0.8333333333333334,0.8333333333333334,0.8333333333333334,0.8333333333333334,0.8333333333333334,0.8333333333333334,0.8333333333333334,0.8333333333333334,0.8333333333333334,0.8333333333333334,0.8333333333333334,0.8333333333333334,0.8333333333333334,0.9583333333333334,0.9583333333333334,0.9583333333333334,0.9583333333333334,0.9583333333333334,0.05,0.05,0.05,0.05,0.05,0.09523809523809523,0.09523809523809523,0.09523809523809523,0.09523809523809523,0.09523809523809523,0.9047619047619048,0.9047619047619048,0.9047619047619048,0.9047619047619048,0.9047619047619048,0.95,0.95,0.95,0.95,0.95,2.0,2.0,2.0,2.0,2.0,0.125,0.125,0.125,0.125,0.125,2.0,2.0,2.0,2.0,2.0,2.0,2.0,2.0,2.0,2.0,1.0,1.0,1.0,1.0,1.0,1.0,1.0,1.0,1.0,1.0,0.0,0.0,0.0,0.0,0.0,0.0,0.0,0.0,0.0,0.0,,,,,,,,,,,0.0,0.0,0.0,0.0,0.0,0.0,0.0,0.0,0.0,0.0,0.0,0.0,0.0,0.0,0.0,0.0,0.0,0.0,0.0,0.0,20.0,20.0,20.0,20.0,20.0,15650.0,15650.0,15650.0,15650.0,15650.0,31037.5,31037.5,31037.5,31037.5,31037.5,31275.0,31275.0,31275.0,31275.0,31275.0,754.0,754.0,754.0,754.0,754.0,0.07323232323232323,0.07323232323232323,0.07323232323232323,0.07323232323232323,0.07323232323232323
late_arrival_10pct_30s,strict_service_plus_correlation,1,1.0,1.0,1.0,1.0,1.0,1.0,1.0,1.0,1.0,1.0,1.0,1.0,1.0,1.0,1.0,1.0,1.0,1.0,1.0,1.0,1.0,1.0,1.0,1.0,1.0,1.0,1.0,1.0,1.0,1.0,0.0,0.0,0.0,0.0,0.0,0.0,0.0,0.0,0.0,0.0,1.0,1.0,1.0,1.0,1.0,1.0,1.0,1.0,1.0,1.0,0.0,0.0,0.0,0.0,0.0,0.0,0.0,0.0,0.0,0.0,0.0,0.0,0.0,0.0,0.0,0.0,0.0,0.0,0.0,0.0,,,,,,,,,,,0.0,0.0,0.0,0.0,0.0,0.0,0.0,0.0,0.0,0.0,,,,,,,,,,,0.0,0.0,0.0,0.0,0.0,0.0,0.0,0.0,0.0,0.0,0.0,0.0,0.0,0.0,0.0,0.0,0.0,0.0,0.0,0.0,24.0,24.0,24.0,24.0,24.0,15650.0,15650.0,15650.0,15650.0,15650.0,31025.0,31025.0,31025.0,31025.0,31025.0,31275.0,31275.0,31275.0,31275.0,31275.0,754.0,754.0,754.0,754.0,754.0,0.07323232323232323,0.07323232323232323,0.07323232323232323,0.07323232323232323,0.07323232323232323
missing_plane_deployment,correlation_id_only_ablation,1,0.0,0.0,0.0,0.0,0.0,0.0,0.0,0.0,0.0,0.0,0.0,0.0,0.0,0.0,0.0,0.0,0.0,0.0,0.0,0.0,0.0,0.0,0.0,0.0,0.0,0.8333333333333334,0.8333333333333334,0.8333333333333334,0.8333333333333334,0.8333333333333334,0.3333333333333333,0.3333333333333333,0.3333333333333333,0.3333333333333333,0.3333333333333333,0.0,0.0,0.0,0.0,0.0,1.0,1.0,1.0,1.0,1.0,0.6666666666666666,0.6666666666666666,0.6666666666666666,0.6666666666666666,0.6666666666666666,0.0,0.0,0.0,0.0,0.0,0.0,0.0,0.0,0.0,0.0,0.0,0.0,0.0,0.0,0.0,0.0,0.0,0.0,0.0,0.0,,,,,,,,,,,0.0,0.0,0.0,0.0,0.0,0.0,0.0,0.0,0.0,0.0,,,,,,,,,,,24.0,24.0,24.0,24.0,24.0,0.16666666666666666,0.16666666666666666,0.16666666666666666,0.16666666666666666,0.16666666666666666,0.0,0.0,0.0,0.0,0.0,0.0,0.0,0.0,0.0,0.0,0.0,0.0,0.0,0.0,0.0,,,,,,,,,,,,,,,,0.0,0.0,0.0,0.0,0.0,0.0,0.0,0.0,0.0,0.0
missing_plane_deployment,naive_temporal_window,1,0.8333333333333334,0.8333333333333334,0.8333333333333334,0.8333333333333334,0.8333333333333334,0.8333333333333334,0.8333333333333334,0.8333333333333334,0.8333333333333334,0.8333333333333334,0.8333333333333334,0.8333333333333334,0.8333333333333334,0.8333333333333334,0.8333333333333334,0.8333333333333334,0.8333333333333334,0.8333333333333334,0.8333333333333334,0.8333333333333334,0.8333333333333334,0.8333333333333334,0.8333333333333334,0.8333333333333334,0.8333333333333334,0.9583333333333334,0.9583333333333334,0.9583333333333334,0.9583333333333334,0.9583333333333334,0.05,0.05,0.05,0.05,0.05,0.09523809523809523,0.09523809523809523,0.09523809523809523,0.09523809523809523,0.09523809523809523,0.9047619047619048,0.9047619047619048,0.9047619047619048,0.9047619047619048,0.9047619047619048,0.95,0.95,0.95,0.95,0.95,2.0,2.0,2.0,2.0,2.0,0.125,0.125,0.125,0.125,0.125,2.0,2.0,2.0,2.0,2.0,2.0,2.0,2.0,2.0,2.0,1.0,1.0,1.0,1.0,1.0,1.0,1.0,1.0,1.0,1.0,0.0,0.0,0.0,0.0,0.0,0.0,0.0,0.0,0.0,0.0,,,,,,,,,,,0.0,0.0,0.0,0.0,0.0,0.0,0.0,0.0,0.0,0.0,0.0,0.0,0.0,0.0,0.0,0.0,0.0,0.0,0.0,0.0,20.0,20.0,20.0,20.0,20.0,1275.0,1275.0,1275.0,1275.0,1275.0,1275.0,1275.0,1275.0,1275.0,1275.0,1275.0,1275.0,1275.0,1275.0,1275.0,0.0,0.0,0.0,0.0,0.0,0.0,0.0,0.0,0.0,0.0
missing_plane_deployment,strict_service_plus_correlation,1,0.0,0.0,0.0,0.0,0.0,0.0,0.0,0.0,0.0,0.0,0.0,0.0,0.0,0.0,0.0,0.0,0.0,0.0,0.0,0.0,0.0,0.0,0.0,0.0,0.0,0.8333333333333334,0.8333333333333334,0.8333333333333334,0.8333333333333334,0.8333333333333334,0.3333333333333333,0.3333333333333333,0.3333333333333333,0.3333333333333333,0.3333333333333333,0.0,0.0,0.0,0.0,0.0,1.0,1.0,1.0,1.0,1.0,0.6666666666666666,0.6666666666666666,0.6666666666666666,0.6666666666666666,0.6666666666666666,0.0,0.0,0.0,0.0,0.0,0.0,0.0,0.0,0.0,0.0,0.0,0.0,0.0,0.0,0.0,0.0,0.0,0.0,0.0,0.0,,,,,,,,,,,0.0,0.0,0.0,0.0,0.0,0.0,0.0,0.0,0.0,0.0,,,,,,,,,,,24.0,24.0,24.0,24.0,24.0,0.16666666666666666,0.16666666666666666,0.16666666666666666,0.16666666666666666,0.16666666666666666,0.0,0.0,0.0,0.0,0.0,0.0,0.0,0.0,0.0,0.0,0.0,0.0,0.0,0.0,0.0,,,,,,,,,,,,,,,,0.0,0.0,0.0,0.0,0.0,0.0,0.0,0.0,0.0,0.0
missing_plane_identity,correlation_id_only_ablation,1,0.0,0.0,0.0,0.0,0.0,0.0,0.0,0.0,0.0,0.0,0.0,0.0,0.0,0.0,0.0,0.0,0.0,0.0,0.0,0.0,0.0,0.0,0.0,0.0,0.0,0.8333333333333334,0.8333333333333334,0.8333333333333334,0.8333333333333334,0.8333333333333334,0.3333333333333333,0.3333333333333333,0.3333333333333333,0.3333333333333333,0.3333333333333333,0.0,0.0,0.0,0.0,0.0,1.0,1.0,1.0,1.0,1.0,0.6666666666666666,0.6666666666666666,0.6666666666666666,0.6666666666666666,0.6666666666666666,0.0,0.0,0.0,0.0,0.0,0.0,0.0,0.0,0.0,0.0,0.0,0.0,0.0,0.0,0.0,0.0,0.0,0.0,0.0,0.0,,,,,,,,,,,0.0,0.0,0.0,0.0,0.0,0.0,0.0,0.0,0.0,0.0,,,,,,,,,,,24.0,24.0,24.0,24.0,24.0,0.16666666666666666,0.16666666666666666,0.16666666666666666,0.16666666666666666,0.16666666666666666,0.0,0.0,0.0,0.0,0.0,0.0,0.0,0.0,0.0,0.0,0.0,0.0,0.0,0.0,0.0,,,,,,,,,,,,,,,,0.0,0.0,0.0,0.0,0.0,0.0,0.0,0.0,0.0,0.0
missing_plane_identity,naive_temporal_window,1,0.8333333333333334,0.8333333333333334,0.8333333333333334,0.8333333333333334,0.8333333333333334,0.8333333333333334,0.8333333333333334,0.8333333333333334,0.8333333333333334,0.8333333333333334,0.8333333333333334,0.8333333333333334,0.8333333333333334,0.8333333333333334,0.8333333333333334,0.8333333333333334,0.8333333333333334,0.8333333333333334,0.8333333333333334,0.8333333333333334,0.8333333333333334,0.8333333333333334,0.8333333333333334,0.8333333333333334,0.8333333333333334,0.9583333333333334,0.9583333333333334,0.9583333333333334,0.9583333333333334,0.9583333333333334,0.05,0.05,0.05,0.05,0.05,0.09523809523809523,0.09523809523809523,0.09523809523809523,0.09523809523809523,0.09523809523809523,0.9047619047619048,0.9047619047619048,0.9047619047619048,0.9047619047619048,0.9047619047619048,0.95,0.95,0.95,0.95,0.95,2.0,2.0,2.0,2.0,2.0,0.125,0.125,0.125,0.125,0.125,2.0,2.0,2.0,2.0,2.0,2.0,2.0,2.0,2.0,2.0,1.0,1.0,1.0,1.0,1.0,1.0,1.0,1.0,1.0,1.0,0.0,0.0,0.0,0.0,0.0,0.0,0.0,0.0,0.0,0.0,,,,,,,,,,,0.0,0.0,0.0,0.0,0.0,0.0,0.0,0.0,0.0,0.0,0.0,0.0,0.0,0.0,0.0,0.0,0.0,0.0,0.0,0.0,20.0,20.0,20.0,20.0,20.0,1275.0,1275.0,1275.0,1275.0,1275.0,1275.0,1275.0,1275.0,1275.0,1275.0,1275.0,1275.0,1275.0,1275.0,1275.0,0.0,0.0,0.0,0.0,0.0,0.0,0.0,0.0,0.0,0.0
missing_plane_identity,strict_service_plus_correlation,1,0.0,0.0,0.0,0.0,0.0,0.0,0.0,0.0,0.0,0.0,0.0,0.0,0.0,0.0,0.0,0.0,0.0,0.0,0.0,0.0,0.0,0.0,0.0,0.0,0.0,0.8333333333333334,0.8333333333333334,0.8333333333333334,0.8333333333333334,0.8333333333333334,0.3333333333333333,0.3333333333333333,0.3333333333333333,0.3333333333333333,0.3333333333333333,0.0,0.0,0.0,0.0,0.0,1.0,1.0,1.0,1.0,1.0,0.6666666666666666,0.6666666666666666,0.6666666666666666,0.6666666666666666,0.6666666666666666,0.0,0.0,0.0,0.0,0.0,0.0,0.0,0.0,0.0,0.0,0.0,0.0,0.0,0.0,0.0,0.0,0.0,0.0,0.0,0.0,,,,,,,,,,,0.0,0.0,0.0,0.0,0.0,0.0,0.0,0.0,0.0,0.0,,,,,,,,,,,24.0,24.0,24.0,24.0,24.0,0.16666666666666666,0.16666666666666666,0.16666666666666666,0.16666666666666666,0.16666666666666666,0.0,0.0,0.0,0.0,0.0,0.0,0.0,0.0,0.0,0.0,0.0,0.0,0.0,0.0,0.0,,,,,,,,,,,,,,,,0.0,0.0,0.0,0.0,0.0,0.0,0.0,0.0,0.0,0.0
missing_plane_incident,correlation_id_only_ablation,1,0.0,0.0,0.0,0.0,0.0,0.0,0.0,0.0,0.0,0.0,0.0,0.0,0.0,0.0,0.0,0.0,0.0,0.0,0.0,0.0,0.0,0.0,0.0,0.0,0.0,0.8333333333333334,0.8333333333333334,0.8333333333333334,0.8333333333333334,0.8333333333333334,0.3333333333333333,0.3333333333333333,0.3333333333333333,0.3333333333333333,0.3333333333333333,0.0,0.0,0.0,0.0,0.0,1.0,1.0,1.0,1.0,1.0,0.6666666666666666,0.6666666666666666,0.6666666666666666,0.6666666666666666,0.6666666666666666,0.0,0.0,0.0,0.0,0.0,0.0,0.0,0.0,0.0,0.0,0.0,0.0,0.0,0.0,0.0,0.0,0.0,0.0,0.0,0.0,,,,,,,,,,,0.0,0.0,0.0,0.0,0.0,0.0,0.0,0.0,0.0,0.0,,,,,,,,,,,24.0,24.0,24.0,24.0,24.0,0.16666666666666666,0.16666666666666666,0.16666666666666666,0.16666666666666666,0.16666666666666666,0.0,0.0,0.0,0.0,0.0,0.0,0.0,0.0,0.0,0.0,0.0,0.0,0.0,0.0,0.0,,,,,,,,,,,,,,,,0.0,0.0,0.0,0.0,0.0,0.0,0.0,0.0,0.0,0.0
missing_plane_incident,naive_temporal_window,1,0.8333333333333334,0.8333333333333334,0.8333333333333334,0.8333333333333334,0.8333333333333334,0.8333333333333334,0.8333333333333334,0.8333333333333334,0.8333333333333334,0.8333333333333334,0.8333333333333334,0.8333333333333334,0.8333333333333334,0.8333333333333334,0.8333333333333334,0.8333333333333334,0.8333333333333334,0.8333333333333334,0.8333333333333334,0.8333333333333334,0.8333333333333334,0.8333333333333334,0.8333333333333334,0.8333333333333334,0.8333333333333334,0.9583333333333334,0.9583333333333334,0.9583333333333334,0.9583333333333334,0.9583333333333334,0.05,0.05,0.05,0.05,0.05,0.09523809523809523,0.09523809523809523,0.09523809523809523,0.09523809523809523,0.09523809523809523,0.9047619047619048,0.9047619047619048,0.9047619047619048,0.9047619047619048,0.9047619047619048,0.95,0.95,0.95,0.95,0.95,2.0,2.0,2.0,2.0,2.0,0.125,0.125,0.125,0.125,0.125,2.0,2.0,2.0,2.0,2.0,2.0,2.0,2.0,2.0,2.0,1.0,1.0,1.0,1.0,1.0,1.0,1.0,1.0,1.0,1.0,0.0,0.0,0.0,0.0,0.0,0.0,0.0,0.0,0.0,0.0,,,,,,,,,,,0.0,0.0,0.0,0.0,0.0,0.0,0.0,0.0,0.0,0.0,0.0,0.0,0.0,0.0,0.0,0.0,0.0,0.0,0.0,0.0,20.0,20.0,20.0,20.0,20.0,1275.0,1275.0,1275.0,1275.0,1275.0,1275.0,1275.0,1275.0,1275.0,1275.0,1275.0,1275.0,1275.0,1275.0,1275.0,0.0,0.0,0.0,0.0,0.0,0.0,0.0,0.0,0.0,0.0
missing_plane_incident,strict_service_plus_correlation,1,0.0,0.0,0.0,0.0,0.0,0.0,0.0,0.0,0.0,0.0,0.0,0.0,0.0,0.0,0.0,0.0,0.0,0.0,0.0,0.0,0.0,0.0,0.0,0.0,0.0,0.8333333333333334,0.8333333333333334,0.8333333333333334,0.8333333333333334,0.8333333333333334,0.3333333333333333,0.3333333333333333,0.3333333333333333,0.3333333333333333,0.3333333333333333,0.0,0.0,0.0,0.0,0.0,1.0,1.0,1.0,1.0,1.0,0.6666666666666666,0.6666666666666666,0.6666666666666666,0.6666666666666666,0.6666666666666666,0.0,0.0,0.0,0.0,0.0,0.0,0.0,0.0,0.0,0.0,0.0,0.0,0.0,0.0,0.0,0.0,0.0,0.0,0.0,0.0,,,,,,,,,,,0.0,0.0,0.0,0.0,0.0,0.0,0.0,0.0,0.0,0.0,,,,,,,,,,,24.0,24.0,24.0,24.0,24.0,0.16666666666666666,0.16666666666666666,0.16666666666666666,0.16666666666666666,0.16666666666666666,0.0,0.0,0.0,0.0,0.0,0.0,0.0,0.0,0.0,0.0,0.0,0.0,0.0,0.0,0.0,,,,,,,,,,,,,,,,0.0,0.0,0.0,0.0,0.0,0.0,0.0,0.0,0.0,0.0
missing_plane_policy,correlation_id_only_ablation,1,0.0,0.0,0.0,0.0,0.0,0.0,0.0,0.0,0.0,0.0,0.0,0.0,0.0,0.0,0.0,0.0,0.0,0.0,0.0,0.0,0.0,0.0,0.0,0.0,0.0,0.8333333333333334,0.8333333333333334,0.8333333333333334,0.8333333333333334,0.8333333333333334,0.3333333333333333,0.3333333333333333,0.3333333333333333,0.3333333333333333,0.3333333333333333,0.0,0.0,0.0,0.0,0.0,1.0,1.0,1.0,1.0,1.0,0.6666666666666666,0.6666666666666666,0.6666666666666666,0.6666666666666666,0.6666666666666666,0.0,0.0,0.0,0.0,0.0,0.0,0.0,0.0,0.0,0.0,0.0,0.0,0.0,0.0,0.0,0.0,0.0,0.0,0.0,0.0,,,,,,,,,,,0.0,0.0,0.0,0.0,0.0,0.0,0.0,0.0,0.0,0.0,,,,,,,,,,,24.0,24.0,24.0,24.0,24.0,0.16666666666666666,0.16666666666666666,0.16666666666666666,0.16666666666666666,0.16666666666666666,0.0,0.0,0.0,0.0,0.0,0.0,0.0,0.0,0.0,0.0,0.0,0.0,0.0,0.0,0.0,,,,,,,,,,,,,,,,0.0,0.0,0.0,0.0,0.0,0.0,0.0,0.0,0.0,0.0
missing_plane_policy,naive_temporal_window,1,0.8333333333333334,0.8333333333333334,0.8333333333333334,0.8333333333333334,0.8333333333333334,0.8333333333333334,0.8333333333333334,0.8333333333333334,0.8333333333333334,0.8333333333333334,0.8333333333333334,0.8333333333333334,0.8333333333333334,0.8333333333333334,0.8333333333333334,0.8333333333333334,0.8333333333333334,0.8333333333333334,0.8333333333333334,0.8333333333333334,0.8333333333333334,0.8333333333333334,0.8333333333333334,0.8333333333333334,0.8333333333333334,0.9583333333333334,0.9583333333333334,0.9583333333333334,0.9583333333333334,0.9583333333333334,0.05,0.05,0.05,0.05,0.05,0.09523809523809523,0.09523809523809523,0.09523809523809523,0.09523809523809523,0.09523809523809523,0.9047619047619048,0.9047619047619048,0.9047619047619048,0.9047619047619048,0.9047619047619048,0.95,0.95,0.95,0.95,0.95,2.0,2.0,2.0,2.0,2.0,0.125,0.125,0.125,0.125,0.125,2.0,2.0,2.0,2.0,2.0,2.0,2.0,2.0,2.0,2.0,1.0,1.0,1.0,1.0,1.0,1.0,1.0,1.0,1.0,1.0,0.0,0.0,0.0,0.0,0.0,0.0,0.0,0.0,0.0,0.0,,,,,,,,,,,0.0,0.0,0.0,0.0,0.0,0.0,0.0,0.0,0.0,0.0,0.0,0.0,0.0,0.0,0.0,0.0,0.0,0.0,0.0,0.0,20.0,20.0,20.0,20.0,20.0,1275.0,1275.0,1275.0,1275.0,1275.0,1275.0,1275.0,1275.0,1275.0,1275.0,1275.0,1275.0,1275.0,1275.0,1275.0,0.0,0.0,0.0,0.0,0.0,0.0,0.0,0.0,0.0,0.0
missing_plane_policy,strict_service_plus_correlation,1,0.0,0.0,0.0,0.0,0.0,0.0,0.0,0.0,0.0,0.0,0.0,0.0,0.0,0.0,0.0,0.0,0.0,0.0,0.0,0.0,0.0,0.0,0.0,0.0,0.0,0.8333333333333334,0.8333333333333334,0.8333333333333334,0.8333333333333334,0.8333333333333334,0.3333333333333333,0.3333333333333333,0.3333333333333333,0.3333333333333333,0.3333333333333333,0.0,0.0,0.0,0.0,0.0,1.0,1.0,1.0,1.0,1.0,0.6666666666666666,0.6666666666666666,0.6666666666666666,0.6666666666666666,0.6666666666666666,0.0,0.0,0.0,0.0,0.0,0.0,0.0,0.0,0.0,0.0,0.0,0.0,0.0,0.0,0.0,0.0,0.0,0.0,0.0,0.0,,,,,,,,,,,0.0,0.0,0.0,0.0,0.0,0.0,0.0,0.0,0.0,0.0,,,,,,,,,,,24.0,24.0,24.0,24.0,24.0,0.16666666666666666,0.16666666666666666,0.16666666666666666,0.16666666666666666,0.16666666666666666,0.0,0.0,0.0,0.0,0.0,0.0,0.0,0.0,0.0,0.0,0.0,0.0,0.0,0.0,0.0,,,,,,,,,,,,,,,,0.0,0.0,0.0,0.0,0.0,0.0,0.0,0.0,0.0,0.0
missing_plane_recovery,correlation_id_only_ablation,1,0.0,0.0,0.0,0.0,0.0,0.0,0.0,0.0,0.0,0.0,0.0,0.0,0.0,0.0,0.0,0.0,0.0,0.0,0.0,0.0,0.0,0.0,0.0,0.0,0.0,0.8333333333333334,0.8333333333333334,0.8333333333333334,0.8333333333333334,0.8333333333333334,0.3333333333333333,0.3333333333333333,0.3333333333333333,0.3333333333333333,0.3333333333333333,0.0,0.0,0.0,0.0,0.0,1.0,1.0,1.0,1.0,1.0,0.6666666666666666,0.6666666666666666,0.6666666666666666,0.6666666666666666,0.6666666666666666,0.0,0.0,0.0,0.0,0.0,0.0,0.0,0.0,0.0,0.0,0.0,0.0,0.0,0.0,0.0,0.0,0.0,0.0,0.0,0.0,,,,,,,,,,,0.0,0.0,0.0,0.0,0.0,0.0,0.0,0.0,0.0,0.0,,,,,,,,,,,24.0,24.0,24.0,24.0,24.0,0.16666666666666666,0.16666666666666666,0.16666666666666666,0.16666666666666666,0.16666666666666666,0.0,0.0,0.0,0.0,0.0,0.0,0.0,0.0,0.0,0.0,0.0,0.0,0.0,0.0,0.0,,,,,,,,,,,,,,,,0.0,0.0,0.0,0.0,0.0,0.0,0.0,0.0,0.0,0.0
missing_plane_recovery,naive_temporal_window,1,0.8333333333333334,0.8333333333333334,0.8333333333333334,0.8333333333333334,0.8333333333333334,0.8333333333333334,0.8333333333333334,0.8333333333333334,0.8333333333333334,0.8333333333333334,0.8333333333333334,0.8333333333333334,0.8333333333333334,0.8333333333333334,0.8333333333333334,0.8333333333333334,0.8333333333333334,0.8333333333333334,0.8333333333333334,0.8333333333333334,0.8333333333333334,0.8333333333333334,0.8333333333333334,0.8333333333333334,0.8333333333333334,0.9583333333333334,0.9583333333333334,0.9583333333333334,0.9583333333333334,0.9583333333333334,0.05,0.05,0.05,0.05,0.05,0.09523809523809523,0.09523809523809523,0.09523809523809523,0.09523809523809523,0.09523809523809523,0.9047619047619048,0.9047619047619048,0.9047619047619048,0.9047619047619048,0.9047619047619048,0.95,0.95,0.95,0.95,0.95,2.0,2.0,2.0,2.0,2.0,0.125,0.125,0.125,0.125,0.125,2.0,2.0,2.0,2.0,2.0,2.0,2.0,2.0,2.0,2.0,1.0,1.0,1.0,1.0,1.0,1.0,1.0,1.0,1.0,1.0,0.0,0.0,0.0,0.0,0.0,0.0,0.0,0.0,0.0,0.0,,,,,,,,,,,0.0,0.0,0.0,0.0,0.0,0.0,0.0,0.0,0.0,0.0,0.0,0.0,0.0,0.0,0.0,0.0,0.0,0.0,0.0,0.0,20.0,20.0,20.0,20.0,20.0,1275.0,1275.0,1275.0,1275.0,1275.0,1275.0,1275.0,1275.0,1275.0,1275.0,1275.0,1275.0,1275.0,1275.0,1275.0,0.0,0.0,0.0,0.0,0.0,0.0,0.0,0.0,0.0,0.0
missing_plane_recovery,strict_service_plus_correlation,1,0.0,0.0,0.0,0.0,0.0,0.0,0.0,0.0,0.0,0.0,0.0,0.0,0.0,0.0,0.0,0.0,0.0,0.0,0.0,0.0,0.0,0.0,0.0,0.0,0.0,0.8333333333333334,0.8333333333333334,0.8333333333333334,0.8333333333333334,0.8333333333333334,0.3333333333333333,0.3333333333333333,0.3333333333333333,0.3333333333333333,0.3333333333333333,0.0,0.0,0.0,0.0,0.0,1.0,1.0,1.0,1.0,1.0,0.6666666666666666,0.6666666666666666,0.6666666666666666,0.6666666666666666,0.6666666666666666,0.0,0.0,0.0,0.0,0.0,0.0,0.0,0.0,0.0,0.0,0.0,0.0,0.0,0.0,0.0,0.0,0.0,0.0,0.0,0.0,,,,,,,,,,,0.0,0.0,0.0,0.0,0.0,0.0,0.0,0.0,0.0,0.0,,,,,,,,,,,24.0,24.0,24.0,24.0,24.0,0.16666666666666666,0.16666666666666666,0.16666666666666666,0.16666666666666666,0.16666666666666666,0.0,0.0,0.0,0.0,0.0,0.0,0.0,0.0,0.0,0.0,0.0,0.0,0.0,0.0,0.0,,,,,,,,,,,,,,,,0.0,0.0,0.0,0.0,0.0,0.0,0.0,0.0,0.0,0.0
missing_plane_telemetry,correlation_id_only_ablation,1,0.0,0.0,0.0,0.0,0.0,0.0,0.0,0.0,0.0,0.0,0.0,0.0,0.0,0.0,0.0,0.0,0.0,0.0,0.0,0.0,0.0,0.0,0.0,0.0,0.0,0.8333333333333334,0.8333333333333334,0.8333333333333334,0.8333333333333334,0.8333333333333334,0.3333333333333333,0.3333333333333333,0.3333333333333333,0.3333333333333333,0.3333333333333333,0.0,0.0,0.0,0.0,0.0,1.0,1.0,1.0,1.0,1.0,0.6666666666666666,0.6666666666666666,0.6666666666666666,0.6666666666666666,0.6666666666666666,0.0,0.0,0.0,0.0,0.0,0.0,0.0,0.0,0.0,0.0,0.0,0.0,0.0,0.0,0.0,0.0,0.0,0.0,0.0,0.0,,,,,,,,,,,0.0,0.0,0.0,0.0,0.0,0.0,0.0,0.0,0.0,0.0,,,,,,,,,,,24.0,24.0,24.0,24.0,24.0,0.16666666666666666,0.16666666666666666,0.16666666666666666,0.16666666666666666,0.16666666666666666,0.0,0.0,0.0,0.0,0.0,0.0,0.0,0.0,0.0,0.0,0.0,0.0,0.0,0.0,0.0,,,,,,,,,,,,,,,,0.0,0.0,0.0,0.0,0.0,0.0,0.0,0.0,0.0,0.0
missing_plane_telemetry,naive_temporal_window,1,0.8333333333333334,0.8333333333333334,0.8333333333333334,0.8333333333333334,0.8333333333333334,0.8333333333333334,0.8333333333333334,0.8333333333333334,0.8333333333333334,0.8333333333333334,0.8333333333333334,0.8333333333333334,0.8333333333333334,0.8333333333333334,0.8333333333333334,0.8333333333333334,0.8333333333333334,0.8333333333333334,0.8333333333333334,0.8333333333333334,0.8333333333333334,0.8333333333333334,0.8333333333333334,0.8333333333333334,0.8333333333333334,0.9583333333333334,0.9583333333333334,0.9583333333333334,0.9583333333333334,0.9583333333333334,0.05,0.05,0.05,0.05,0.05,0.09523809523809523,0.09523809523809523,0.09523809523809523,0.09523809523809523,0.09523809523809523,0.9047619047619048,0.9047619047619048,0.9047619047619048,0.9047619047619048,0.9047619047619048,0.95,0.95,0.95,0.95,0.95,2.0,2.0,2.0,2.0,2.0,0.125,0.125,0.125,0.125,0.125,2.0,2.0,2.0,2.0,2.0,2.0,2.0,2.0,2.0,2.0,1.0,1.0,1.0,1.0,1.0,1.0,1.0,1.0,1.0,1.0,0.0,0.0,0.0,0.0,0.0,0.0,0.0,0.0,0.0,0.0,,,,,,,,,,,0.0,0.0,0.0,0.0,0.0,0.0,0.0,0.0,0.0,0.0,0.0,0.0,0.0,0.0,0.0,0.0,0.0,0.0,0.0,0.0,20.0,20.0,20.0,20.0,20.0,1275.0,1275.0,1275.0,1275.0,1275.0,1275.0,1275.0,1275.0,1275.0,1275.0,1275.0,1275.0,1275.0,1275.0,1275.0,0.0,0.0,0.0,0.0,0.0,0.0,0.0,0.0,0.0,0.0
missing_plane_telemetry,strict_service_plus_correlation,1,0.0,0.0,0.0,0.0,0.0,0.0,0.0,0.0,0.0,0.0,0.0,0.0,0.0,0.0,0.0,0.0,0.0,0.0,0.0,0.0,0.0,0.0,0.0,0.0,0.0,0.8333333333333334,0.8333333333333334,0.8333333333333334,0.8333333333333334,0.8333333333333334,0.3333333333333333,0.3333333333333333,0.3333333333333333,0.3333333333333333,0.3333333333333333,0.0,0.0,0.0,0.0,0.0,1.0,1.0,1.0,1.0,1.0,0.6666666666666666,0.6666666666666666,0.6666666666666666,0.6666666666666666,0.6666666666666666,0.0,0.0,0.0,0.0,0.0,0.0,0.0,0.0,0.0,0.0,0.0,0.0,0.0,0.0,0.0,0.0,0.0,0.0,0.0,0.0,,,,,,,,,,,0.0,0.0,0.0,0.0,0.0,0.0,0.0,0.0,0.0,0.0,,,,,,,,,,,24.0,24.0,24.0,24.0,24.0,0.16666666666666666,0.16666666666666666,0.16666666666666666,0.16666666666666666,0.16666666666666666,0.0,0.0,0.0,0.0,0.0,0.0,0.0,0.0,0.0,0.0,0.0,0.0,0.0,0.0,0.0,,,,,,,,,,,,,,,,0.0,0.0,0.0,0.0,0.0,0.0,0.0,0.0,0.0,0.0
missing_random_10pct,correlation_id_only_ablation,1,0.4583333333333333,0.4583333333333333,0.4583333333333333,0.4583333333333333,0.4583333333333333,0.4583333333333333,0.4583333333333333,0.4583333333333333,0.4583333333333333,0.4583333333333333,0.4583333333333333,0.4583333333333333,0.4583333333333333,0.4583333333333333,0.4583333333333333,0.4583333333333333,0.4583333333333333,0.4583333333333333,0.4583333333333333,0.4583333333333333,0.4583333333333333,0.4583333333333333,0.4583333333333333,0.4583333333333333,0.4583333333333333,0.9027777777777778,0.9027777777777778,0.9027777777777778,0.9027777777777778,0.9027777777777778,0.19166666666666668,0.19166666666666668,0.19166666666666668,0.19166666666666668,0.19166666666666668,0.0,0.0,0.0,0.0,0.0,1.0,1.0,1.0,1.0,1.0,0.8083333333333333,0.8083333333333333,0.8083333333333333,0.8083333333333333,0.8083333333333333,0.0,0.0,0.0,0.0,0.0,0.0,0.0,0.0,0.0,0.0,0.0,0.0,0.0,0.0,0.0,0.0,0.0,0.0,0.0,0.0,,,,,,,,,,,0.0,0.0,0.0,0.0,0.0,0.0,0.0,0.0,0.0,0.0,,,,,,,,,,,14.0,14.0,14.0,14.0,14.0,0.09722222222222222,0.09722222222222222,0.09722222222222222,0.09722222222222222,0.09722222222222222,0.0,0.0,0.0,0.0,0.0,0.0,0.0,0.0,0.0,0.0,11.0,11.0,11.0,11.0,11.0,1275.0,1275.0,1275.0,1275.0,1275.0,1275.0,1275.0,1275.0,1275.0,1275.0,1275.0,1275.0,1275.0,1275.0,1275.0,0.0,0.0,0.0,0.0,0.0,0.0,0.0,0.0,0.0,0.0
missing_random_10pct,naive_temporal_window,1,0.8333333333333334,0.8333333333333334,0.8333333333333334,0.8333333333333334,0.8333333333333334,0.8333333333333334,0.8333333333333334,0.8333333333333334,0.8333333333333334,0.8333333333333334,0.8333333333333334,0.8333333333333334,0.8333333333333334,0.8333333333333334,0.8333333333333334,0.8333333333333334,0.8333333333333334,0.8333333333333334,0.8333333333333334,0.8333333333333334,0.8333333333333334,0.8333333333333334,0.8333333333333334,0.8333333333333334,0.8333333333333334,0.9583333333333334,0.9583333333333334,0.9583333333333334,0.9583333333333334,0.9583333333333334,0.05,0.05,0.05,0.05,0.05,0.09523809523809523,0.09523809523809523,0.09523809523809523,0.09523809523809523,0.09523809523809523,0.9047619047619048,0.9047619047619048,0.9047619047619048,0.9047619047619048,0.9047619047619048,0.95,0.95,0.95,0.95,0.95,2.0,2.0,2.0,2.0,2.0,0.125,0.125,0.125,0.125,0.125,2.0,2.0,2.0,2.0,2.0,2.0,2.0,2.0,2.0,2.0,1.0,1.0,1.0,1.0,1.0,1.0,1.0,1.0,1.0,1.0,0.0,0.0,0.0,0.0,0.0,0.0,0.0,0.0,0.0,0.0,,,,,,,,,,,0.0,0.0,0.0,0.0,0.0,0.0,0.0,0.0,0.0,0.0,0.0,0.0,0.0,0.0,0.0,0.0,0.0,0.0,0.0,0.0,20.0,20.0,20.0,20.0,20.0,1275.0,1275.0,1275.0,1275.0,1275.0,1275.0,1275.0,1275.0,1275.0,1275.0,1275.0,1275.0,1275.0,1275.0,1275.0,0.0,0.0,0.0,0.0,0.0,0.0,0.0,0.0,0.0,0.0
missing_random_10pct,strict_service_plus_correlation,1,0.4583333333333333,0.4583333333333333,0.4583333333333333,0.4583333333333333,0.4583333333333333,0.4583333333333333,0.4583333333333333,0.4583333333333333,0.4583333333333333,0.4583333333333333,0.4583333333333333,0.4583333333333333,0.4583333333333333,0.4583333333333333,0.4583333333333333,0.4583333333333333,0.4583333333333333,0.4583333333333333,0.4583333333333333,0.4583333333333333,0.4583333333333333,0.4583333333333333,0.4583333333333333,0.4583333333333333,0.4583333333333333,0.9027777777777778,0.9027777777777778,0.9027777777777778,0.9027777777777778,0.9027777777777778,0.19166666666666668,0.19166666666666668,0.19166666666666668,0.19166666666666668,0.19166666666666668,0.0,0.0,0.0,0.0,0.0,1.0,1.0,1.0,1.0,1.0,0.8083333333333333,0.8083333333333333,0.8083333333333333,0.8083333333333333,0.8083333333333333,0.0,0.0,0.0,0.0,0.0,0.0,0.0,0.0,0.0,0.0,0.0,0.0,0.0,0.0,0.0,0.0,0.0,0.0,0.0,0.0,,,,,,,,,,,0.0,0.0,0.0,0.0,0.0,0.0,0.0,0.0,0.0,0.0,,,,,,,,,,,14.0,14.0,14.0,14.0,14.0,0.09722222222222222,0.09722222222222222,0.09722222222222222,0.09722222222222222,0.09722222222222222,0.0,0.0,0.0,0.0,0.0,0.0,0.0,0.0,0.0,0.0,11.0,11.0,11.0,11.0,11.0,1275.0,1275.0,1275.0,1275.0,1275.0,1275.0,1275.0,1275.0,1275.0,1275.0,1275.0,1275.0,1275.0,1275.0,1275.0,0.0,0.0,0.0,0.0,0.0,0.0,0.0,0.0,0.0,0.0
missing_random_1pct,correlation_id_only_ablation,1,0.9583333333333334,0.9583333333333334,0.9583333333333334,0.9583333333333334,0.9583333333333334,0.9583333333333334,0.9583333333333334,0.9583333333333334,0.9583333333333334,0.9583333333333334,0.9583333333333334,0.9583333333333334,0.9583333333333334,0.9583333333333334,0.9583333333333334,0.9583333333333334,0.9583333333333334,0.9583333333333334,0.9583333333333334,0.9583333333333334,0.9583333333333334,0.9583333333333334,0.9583333333333334,0.9583333333333334,0.9583333333333334,0.9930555555555556,0.9930555555555556,0.9930555555555556,0.9930555555555556,0.9930555555555556,0.013888888888888888,0.013888888888888888,0.013888888888888888,0.013888888888888888,0.013888888888888888,0.0,0.0,0.0,0.0,0.0,1.0,1.0,1.0,1.0,1.0,0.9861111111111112,0.9861111111111112,0.9861111111111112,0.9861111111111112,0.9861111111111112,0.0,0.0,0.0,0.0,0.0,0.0,0.0,0.0,0.0,0.0,0.0,0.0,0.0,0.0,0.0,0.0,0.0,0.0,0.0,0.0,,,,,,,,,,,0.0,0.0,0.0,0.0,0.0,0.0,0.0,0.0,0.0,0.0,,,,,,,,,,,1.0,1.0,1.0,1.0,1.0,0.006944444444444444,0.006944444444444444,0.006944444444444444,0.006944444444444444,0.006944444444444444,0.0,0.0,0.0,0.0,0.0,0.0,0.0,0.0,0.0,0.0,23.0,23.0,23.0,23.0,23.0,1275.0,1275.0,1275.0,1275.0,1275.0,1275.0,1275.0,1275.0,1275.0,1275.0,1275.0,1275.0,1275.0,1275.0,1275.0,0.0,0.0,0.0,0.0,0.0,0.0,0.0,0.0,0.0,0.0
missing_random_1pct,naive_temporal_window,1,0.8333333333333334,0.8333333333333334,0.8333333333333334,0.8333333333333334,0.8333333333333334,0.8333333333333334,0.8333333333333334,0.8333333333333334,0.8333333333333334,0.8333333333333334,0.8333333333333334,0.8333333333333334,0.8333333333333334,0.8333333333333334,0.8333333333333334,0.8333333333333334,0.8333333333333334,0.8333333333333334,0.8333333333333334,0.8333333333333334,0.8333333333333334,0.8333333333333334,0.8333333333333334,0.8333333333333334,0.8333333333333334,0.9583333333333334,0.9583333333333334,0.9583333333333334,0.9583333333333334,0.9583333333333334,0.05,0.05,0.05,0.05,0.05,0.09523809523809523,0.09523809523809523,0.09523809523809523,0.09523809523809523,0.09523809523809523,0.9047619047619048,0.9047619047619048,0.9047619047619048,0.9047619047619048,0.9047619047619048,0.95,0.95,0.95,0.95,0.95,2.0,2.0,2.0,2.0,2.0,0.125,0.125,0.125,0.125,0.125,2.0,2.0,2.0,2.0,2.0,2.0,2.0,2.0,2.0,2.0,1.0,1.0,1.0,1.0,1.0,1.0,1.0,1.0,1.0,1.0,0.0,0.0,0.0,0.0,0.0,0.0,0.0,0.0,0.0,0.0,,,,,,,,,,,0.0,0.0,0.0,0.0,0.0,0.0,0.0,0.0,0.0,0.0,0.0,0.0,0.0,0.0,0.0,0.0,0.0,0.0,0.0,0.0,20.0,20.0,20.0,20.0,20.0,1275.0,1275.0,1275.0,1275.0,1275.0,1275.0,1275.0,1275.0,1275.0,1275.0,1275.0,1275.0,1275.0,1275.0,1275.0,0.0,0.0,0.0,0.0,0.0,0.0,0.0,0.0,0.0,0.0
missing_random_1pct,strict_service_plus_correlation,1,0.9583333333333334,0.9583333333333334,0.9583333333333334,0.9583333333333334,0.9583333333333334,0.9583333333333334,0.9583333333333334,0.9583333333333334,0.9583333333333334,0.9583333333333334,0.9583333333333334,0.9583333333333334,0.9583333333333334,0.9583333333333334,0.9583333333333334,0.9583333333333334,0.9583333333333334,0.9583333333333334,0.9583333333333334,0.9583333333333334,0.9583333333333334,0.9583333333333334,0.9583333333333334,0.9583333333333334,0.9583333333333334,0.9930555555555556,0.9930555555555556,0.9930555555555556,0.9930555555555556,0.9930555555555556,0.013888888888888888,0.013888888888888888,0.013888888888888888,0.013888888888888888,0.013888888888888888,0.0,0.0,0.0,0.0,0.0,1.0,1.0,1.0,1.0,1.0,0.9861111111111112,0.9861111111111112,0.9861111111111112,0.9861111111111112,0.9861111111111112,0.0,0.0,0.0,0.0,0.0,0.0,0.0,0.0,0.0,0.0,0.0,0.0,0.0,0.0,0.0,0.0,0.0,0.0,0.0,0.0,,,,,,,,,,,0.0,0.0,0.0,0.0,0.0,0.0,0.0,0.0,0.0,0.0,,,,,,,,,,,1.0,1.0,1.0,1.0,1.0,0.006944444444444444,0.006944444444444444,0.006944444444444444,0.006944444444444444,0.006944444444444444,0.0,0.0,0.0,0.0,0.0,0.0,0.0,0.0,0.0,0.0,23.0,23.0,23.0,23.0,23.0,1275.0,1275.0,1275.0,1275.0,1275.0,1275.0,1275.0,1275.0,1275.0,1275.0,1275.0,1275.0,1275.0,1275.0,1275.0,0.0,0.0,0.0,0.0,0.0,0.0,0.0,0.0,0.0,0.0
missing_random_20pct,correlation_id_only_ablation,1,0.16666666666666666,0.16666666666666666,0.16666666666666666,0.16666666666666666,0.16666666666666666,0.16666666666666666,0.16666666666666666,0.16666666666666666,0.16666666666666666,0.16666666666666666,0.16666666666666666,0.16666666666666666,0.16666666666666666,0.16666666666666666,0.16666666666666666,0.16666666666666666,0.16666666666666666,0.16666666666666666,0.16666666666666666,0.16666666666666666,0.16666666666666666,0.16666666666666666,0.16666666666666666,0.16666666666666666,0.16666666666666666,0.7986111111111112,0.7986111111111112,0.7986111111111112,0.7986111111111112,0.7986111111111112,0.37222222222222223,0.37222222222222223,0.37222222222222223,0.37222222222222223,0.37222222222222223,0.0,0.0,0.0,0.0,0.0,1.0,1.0,1.0,1.0,1.0,0.6277777777777778,0.6277777777777778,0.6277777777777778,0.6277777777777778,0.6277777777777778,0.0,0.0,0.0,0.0,0.0,0.0,0.0,0.0,0.0,0.0,0.0,0.0,0.0,0.0,0.0,0.0,0.0,0.0,0.0,0.0,,,,,,,,,,,0.0,0.0,0.0,0.0,0.0,0.0,0.0,0.0,0.0,0.0,,,,,,,,,,,29.0,29.0,29.0,29.0,29.0,0.2013888888888889,0.2013888888888889,0.2013888888888889,0.2013888888888889,0.2013888888888889,0.0,0.0,0.0,0.0,0.0,0.0,0.0,0.0,0.0,0.0,4.0,4.0,4.0,4.0,4.0,1275.0,1275.0,1275.0,1275.0,1275.0,1275.0,1275.0,1275.0,1275.0,1275.0,1275.0,1275.0,1275.0,1275.0,1275.0,0.0,0.0,0.0,0.0,0.0,0.0,0.0,0.0,0.0,0.0
missing_random_20pct,naive_temporal_window,1,0.8333333333333334,0.8333333333333334,0.8333333333333334,0.8333333333333334,0.8333333333333334,0.8333333333333334,0.8333333333333334,0.8333333333333334,0.8333333333333334,0.8333333333333334,0.8333333333333334,0.8333333333333334,0.8333333333333334,0.8333333333333334,0.8333333333333334,0.8333333333333334,0.8333333333333334,0.8333333333333334,0.8333333333333334,0.8333333333333334,0.8333333333333334,0.8333333333333334,0.8333333333333334,0.8333333333333334,0.8333333333333334,0.9583333333333334,0.9583333333333334,0.9583333333333334,0.9583333333333334,0.9583333333333334,0.05,0.05,0.05,0.05,0.05,0.09523809523809523,0.09523809523809523,0.09523809523809523,0.09523809523809523,0.09523809523809523,0.9047619047619048,0.9047619047619048,0.9047619047619048,0.9047619047619048,0.9047619047619048,0.95,0.95,0.95,0.95,0.95,2.0,2.0,2.0,2.0,2.0,0.125,0.125,0.125,0.125,0.125,2.0,2.0,2.0,2.0,2.0,2.0,2.0,2.0,2.0,2.0,1.0,1.0,1.0,1.0,1.0,1.0,1.0,1.0,1.0,1.0,0.0,0.0,0.0,0.0,0.0,0.0,0.0,0.0,0.0,0.0,,,,,,,,,,,0.0,0.0,0.0,0.0,0.0,0.0,0.0,0.0,0.0,0.0,0.0,0.0,0.0,0.0,0.0,0.0,0.0,0.0,0.0,0.0,20.0,20.0,20.0,20.0,20.0,1275.0,1275.0,1275.0,1275.0,1275.0,1275.0,1275.0,1275.0,1275.0,1275.0,1275.0,1275.0,1275.0,1275.0,1275.0,0.0,0.0,0.0,0.0,0.0,0.0,0.0,0.0,0.0,0.0
missing_random_20pct,strict_service_plus_correlation,1,0.16666666666666666,0.16666666666666666,0.16666666666666666,0.16666666666666666,0.16666666666666666,0.16666666666666666,0.16666666666666666,0.16666666666666666,0.16666666666666666,0.16666666666666666,0.16666666666666666,0.16666666666666666,0.16666666666666666,0.16666666666666666,0.16666666666666666,0.16666666666666666,0.16666666666666666,0.16666666666666666,0.16666666666666666,0.16666666666666666,0.16666666666666666,0.16666666666666666,0.16666666666666666,0.16666666666666666,0.16666666666666666,0.7986111111111112,0.7986111111111112,0.7986111111111112,0.7986111111111112,0.7986111111111112,0.37222222222222223,0.37222222222222223,0.37222222222222223,0.37222222222222223,0.37222222222222223,0.0,0.0,0.0,0.0,0.0,1.0,1.0,1.0,1.0,1.0,0.6277777777777778,0.6277777777777778,0.6277777777777778,0.6277777777777778,0.6277777777777778,0.0,0.0,0.0,0.0,0.0,0.0,0.0,0.0,0.0,0.0,0.0,0.0,0.0,0.0,0.0,0.0,0.0,0.0,0.0,0.0,,,,,,,,,,,0.0,0.0,0.0,0.0,0.0,0.0,0.0,0.0,0.0,0.0,,,,,,,,,,,29.0,29.0,29.0,29.0,29.0,0.2013888888888889,0.2013888888888889,0.2013888888888889,0.2013888888888889,0.2013888888888889,0.0,0.0,0.0,0.0,0.0,0.0,0.0,0.0,0.0,0.0,4.0,4.0,4.0,4.0,4.0,1275.0,1275.0,1275.0,1275.0,1275.0,1275.0,1275.0,1275.0,1275.0,1275.0,1275.0,1275.0,1275.0,1275.0,1275.0,0.0,0.0,0.0,0.0,0.0,0.0,0.0,0.0,0.0,0.0
missing_random_5pct,correlation_id_only_ablation,1,0.7083333333333334,0.7083333333333334,0.7083333333333334,0.7083333333333334,0.7083333333333334,0.7083333333333334,0.7083333333333334,0.7083333333333334,0.7083333333333334,0.7083333333333334,0.7083333333333334,0.7083333333333334,0.7083333333333334,0.7083333333333334,0.7083333333333334,0.7083333333333334,0.7083333333333334,0.7083333333333334,0.7083333333333334,0.7083333333333334,0.7083333333333334,0.7083333333333334,0.7083333333333334,0.7083333333333334,0.7083333333333334,0.951388888888889,0.951388888888889,0.951388888888889,0.951388888888889,0.951388888888889,0.09722222222222222,0.09722222222222222,0.09722222222222222,0.09722222222222222,0.09722222222222222,0.0,0.0,0.0,0.0,0.0,1.0,1.0,1.0,1.0,1.0,0.9027777777777778,0.9027777777777778,0.9027777777777778,0.9027777777777778,0.9027777777777778,0.0,0.0,0.0,0.0,0.0,0.0,0.0,0.0,0.0,0.0,0.0,0.0,0.0,0.0,0.0,0.0,0.0,0.0,0.0,0.0,,,,,,,,,,,0.0,0.0,0.0,0.0,0.0,0.0,0.0,0.0,0.0,0.0,,,,,,,,,,,7.0,7.0,7.0,7.0,7.0,0.04861111111111111,0.04861111111111111,0.04861111111111111,0.04861111111111111,0.04861111111111111,0.0,0.0,0.0,0.0,0.0,0.0,0.0,0.0,0.0,0.0,17.0,17.0,17.0,17.0,17.0,1275.0,1275.0,1275.0,1275.0,1275.0,1275.0,1275.0,1275.0,1275.0,1275.0,1275.0,1275.0,1275.0,1275.0,1275.0,0.0,0.0,0.0,0.0,0.0,0.0,0.0,0.0,0.0,0.0
missing_random_5pct,naive_temporal_window,1,0.8333333333333334,0.8333333333333334,0.8333333333333334,0.8333333333333334,0.8333333333333334,0.8333333333333334,0.8333333333333334,0.8333333333333334,0.8333333333333334,0.8333333333333334,0.8333333333333334,0.8333333333333334,0.8333333333333334,0.8333333333333334,0.8333333333333334,0.8333333333333334,0.8333333333333334,0.8333333333333334,0.8333333333333334,0.8333333333333334,0.8333333333333334,0.8333333333333334,0.8333333333333334,0.8333333333333334,0.8333333333333334,0.9583333333333334,0.9583333333333334,0.9583333333333334,0.9583333333333334,0.9583333333333334,0.05,0.05,0.05,0.05,0.05,0.09523809523809523,0.09523809523809523,0.09523809523809523,0.09523809523809523,0.09523809523809523,0.9047619047619048,0.9047619047619048,0.9047619047619048,0.9047619047619048,0.9047619047619048,0.95,0.95,0.95,0.95,0.95,2.0,2.0,2.0,2.0,2.0,0.125,0.125,0.125,0.125,0.125,2.0,2.0,2.0,2.0,2.0,2.0,2.0,2.0,2.0,2.0,1.0,1.0,1.0,1.0,1.0,1.0,1.0,1.0,1.0,1.0,0.0,0.0,0.0,0.0,0.0,0.0,0.0,0.0,0.0,0.0,,,,,,,,,,,0.0,0.0,0.0,0.0,0.0,0.0,0.0,0.0,0.0,0.0,0.0,0.0,0.0,0.0,0.0,0.0,0.0,0.0,0.0,0.0,20.0,20.0,20.0,20.0,20.0,1275.0,1275.0,1275.0,1275.0,1275.0,1275.0,1275.0,1275.0,1275.0,1275.0,1275.0,1275.0,1275.0,1275.0,1275.0,0.0,0.0,0.0,0.0,0.0,0.0,0.0,0.0,0.0,0.0
missing_random_5pct,strict_service_plus_correlation,1,0.7083333333333334,0.7083333333333334,0.7083333333333334,0.7083333333333334,0.7083333333333334,0.7083333333333334,0.7083333333333334,0.7083333333333334,0.7083333333333334,0.7083333333333334,0.7083333333333334,0.7083333333333334,0.7083333333333334,0.7083333333333334,0.7083333333333334,0.7083333333333334,0.7083333333333334,0.7083333333333334,0.7083333333333334,0.7083333333333334,0.7083333333333334,0.7083333333333334,0.7083333333333334,0.7083333333333334,0.7083333333333334,0.951388888888889,0.951388888888889,0.951388888888889,0.951388888888889,0.951388888888889,0.09722222222222222,0.09722222222222222,0.09722222222222222,0.09722222222222222,0.09722222222222222,0.0,0.0,0.0,0.0,0.0,1.0,1.0,1.0,1.0,1.0,0.9027777777777778,0.9027777777777778,0.9027777777777778,0.9027777777777778,0.9027777777777778,0.0,0.0,0.0,0.0,0.0,0.0,0.0,0.0,0.0,0.0,0.0,0.0,0.0,0.0,0.0,0.0,0.0,0.0,0.0,0.0,,,,,,,,,,,0.0,0.0,0.0,0.0,0.0,0.0,0.0,0.0,0.0,0.0,,,,,,,,,,,7.0,7.0,7.0,7.0,7.0,0.04861111111111111,0.04861111111111111,0.04861111111111111,0.04861111111111111,0.04861111111111111,0.0,0.0,0.0,0.0,0.0,0.0,0.0,0.0,0.0,0.0,17.0,17.0,17.0,17.0,17.0,1275.0,1275.0,1275.0,1275.0,1275.0,1275.0,1275.0,1275.0,1275.0,1275.0,1275.0,1275.0,1275.0,1275.0,1275.0,0.0,0.0,0.0,0.0,0.0,0.0,0.0,0.0,0.0,0.0
out_of_order_jitter_3s,correlation_id_only_ablation,1,1.0,1.0,1.0,1.0,1.0,1.0,1.0,1.0,1.0,1.0,1.0,1.0,1.0,1.0,1.0,1.0,1.0,1.0,1.0,1.0,1.0,1.0,1.0,1.0,1.0,1.0,1.0,1.0,1.0,1.0,0.0,0.0,0.0,0.0,0.0,0.0,0.0,0.0,0.0,0.0,1.0,1.0,1.0,1.0,1.0,1.0,1.0,1.0,1.0,1.0,0.0,0.0,0.0,0.0,0.0,0.0,0.0,0.0,0.0,0.0,0.0,0.0,0.0,0.0,0.0,0.0,0.0,0.0,0.0,0.0,,,,,,,,,,,0.0,0.0,0.0,0.0,0.0,0.0,0.0,0.0,0.0,0.0,,,,,,,,,,,0.0,0.0,0.0,0.0,0.0,0.0,0.0,0.0,0.0,0.0,0.0,0.0,0.0,0.0,0.0,0.0,0.0,0.0,0.0,0.0,24.0,24.0,24.0,24.0,24.0,3426.0,3426.0,3426.0,3426.0,3426.0,3999.9999999999995,3999.9999999999995,3999.9999999999995,3999.9999999999995,3999.9999999999995,4221.0,4221.0,4221.0,4221.0,4221.0,691.0,691.0,691.0,691.0,691.0,0.06711344211344211,0.06711344211344211,0.06711344211344211,0.06711344211344211,0.06711344211344211
out_of_order_jitter_3s,naive_temporal_window,1,0.8333333333333334,0.8333333333333334,0.8333333333333334,0.8333333333333334,0.8333333333333334,0.8333333333333334,0.8333333333333334,0.8333333333333334,0.8333333333333334,0.8333333333333334,0.8333333333333334,0.8333333333333334,0.8333333333333334,0.8333333333333334,0.8333333333333334,0.8333333333333334,0.8333333333333334,0.8333333333333334,0.8333333333333334,0.8333333333333334,0.8333333333333334,0.8333333333333334,0.8333333333333334,0.8333333333333334,0.8333333333333334,0.9583333333333334,0.9583333333333334,0.9583333333333334,0.9583333333333334,0.9583333333333334,0.05,0.05,0.05,0.05,0.05,0.09523809523809523,0.09523809523809523,0.09523809523809523,0.09523809523809523,0.09523809523809523,0.9047619047619048,0.9047619047619048,0.9047619047619048,0.9047619047619048,0.9047619047619048,0.95,0.95,0.95,0.95,0.95,2.0,2.0,2.0,2.0,2.0,0.125,0.125,0.125,0.125,0.125,2.0,2.0,2.0,2.0,2.0,2.0,2.0,2.0,2.0,2.0,1.0,1.0,1.0,1.0,1.0,1.0,1.0,1.0,1.0,1.0,0.0,0.0,0.0,0.0,0.0,0.0,0.0,0.0,0.0,0.0,,,,,,,,,,,0.0,0.0,0.0,0.0,0.0,0.0,0.0,0.0,0.0,0.0,0.0,0.0,0.0,0.0,0.0,0.0,0.0,0.0,0.0,0.0,20.0,20.0,20.0,20.0,20.0,3396.0,3396.0,3396.0,3396.0,3396.0,3806.3,3806.3,3806.3,3806.3,3806.3,4021.0,4021.0,4021.0,4021.0,4021.0,691.0,691.0,691.0,691.0,691.0,0.06711344211344211,0.06711344211344211,0.06711344211344211,0.06711344211344211,0.06711344211344211
out_of_order_jitter_3s,strict_service_plus_correlation,1,1.0,1.0,1.0,1.0,1.0,1.0,1.0,1.0,1.0,1.0,1.0,1.0,1.0,1.0,1.0,1.0,1.0,1.0,1.0,1.0,1.0,1.0,1.0,1.0,1.0,1.0,1.0,1.0,1.0,1.0,0.0,0.0,0.0,0.0,0.0,0.0,0.0,0.0,0.0,0.0,1.0,1.0,1.0,1.0,1.0,1.0,1.0,1.0,1.0,1.0,0.0,0.0,0.0,0.0,0.0,0.0,0.0,0.0,0.0,0.0,0.0,0.0,0.0,0.0,0.0,0.0,0.0,0.0,0.0,0.0,,,,,,,,,,,0.0,0.0,0.0,0.0,0.0,0.0,0.0,0.0,0.0,0.0,,,,,,,,,,,0.0,0.0,0.0,0.0,0.0,0.0,0.0,0.0,0.0,0.0,0.0,0.0,0.0,0.0,0.0,0.0,0.0,0.0,0.0,0.0,24.0,24.0,24.0,24.0,24.0,3426.0,3426.0,3426.0,3426.0,3426.0,3999.9999999999995,3999.9999999999995,3999.9999999999995,3999.9999999999995,3999.9999999999995,4221.0,4221.0,4221.0,4221.0,4221.0,691.0,691.0,691.0,691.0,691.0,0.06711344211344211,0.06711344211344211,0.06711344211344211,0.06711344211344211,0.06711344211344211
wrong_id_same_service_10pct,correlation_id_only_ablation,1,0.4166666666666667,0.4166666666666667,0.4166666666666667,0.4166666666666667,0.4166666666666667,0.4166666666666667,0.4166666666666667,0.4166666666666667,0.4166666666666667,0.4166666666666667,0.4166666666666667,0.4166666666666667,0.4166666666666667,0.4166666666666667,0.4166666666666667,0.4166666666666667,0.4166666666666667,0.4166666666666667,0.4166666666666667,0.4166666666666667,0.4166666666666667,0.4166666666666667,0.4166666666666667,0.4166666666666667,0.4166666666666667,0.9027777777777778,0.9027777777777778,0.9027777777777778,0.9027777777777778,0.9027777777777778,0.16666666666666666,0.16666666666666666,0.16666666666666666,0.16666666666666666,0.16666666666666666,0.1935483870967742,0.1935483870967742,0.1935483870967742,0.1935483870967742,0.1935483870967742,0.8064516129032258,0.8064516129032258,0.8064516129032258,0.8064516129032258,0.8064516129032258,0.8333333333333334,0.8333333333333334,0.8333333333333334,0.8333333333333334,0.8333333333333334,10.0,10.0,10.0,10.0,10.0,0.4583333333333333,0.4583333333333333,0.4583333333333333,0.4583333333333333,0.4583333333333333,10.0,10.0,10.0,10.0,10.0,10.0,10.0,10.0,10.0,10.0,1.0,1.0,1.0,1.0,1.0,1.0,1.0,1.0,1.0,1.0,0.0,0.0,0.0,0.0,0.0,0.0,0.0,0.0,0.0,0.0,,,,,,,,,,,0.0,0.0,0.0,0.0,0.0,0.0,0.0,0.0,0.0,0.0,0.0,0.0,0.0,0.0,0.0,0.0,0.0,0.0,0.0,0.0,10.0,10.0,10.0,10.0,10.0,1275.0,1275.0,1275.0,1275.0,1275.0,1275.0,1275.0,1275.0,1275.0,1275.0,1275.0,1275.0,1275.0,1275.0,1275.0,0.0,0.0,0.0,0.0,0.0,0.0,0.0,0.0,0.0,0.0
wrong_id_same_service_10pct,naive_temporal_window,1,0.8333333333333334,0.8333333333333334,0.8333333333333334,0.8333333333333334,0.8333333333333334,0.8333333333333334,0.8333333333333334,0.8333333333333334,0.8333333333333334,0.8333333333333334,0.8333333333333334,0.8333333333333334,0.8333333333333334,0.8333333333333334,0.8333333333333334,0.8333333333333334,0.8333333333333334,0.8333333333333334,0.8333333333333334,0.8333333333333334,0.8333333333333334,0.8333333333333334,0.8333333333333334,0.8333333333333334,0.8333333333333334,0.9583333333333334,0.9583333333333334,0.9583333333333334,0.9583333333333334,0.9583333333333334,0.05,0.05,0.05,0.05,0.05,0.09523809523809523,0.09523809523809523,0.09523809523809523,0.09523809523809523,0.09523809523809523,0.9047619047619048,0.9047619047619048,0.9047619047619048,0.9047619047619048,0.9047619047619048,0.95,0.95,0.95,0.95,0.95,2.0,2.0,2.0,2.0,2.0,0.125,0.125,0.125,0.125,0.125,2.0,2.0,2.0,2.0,2.0,2.0,2.0,2.0,2.0,2.0,1.0,1.0,1.0,1.0,1.0,1.0,1.0,1.0,1.0,1.0,0.0,0.0,0.0,0.0,0.0,0.0,0.0,0.0,0.0,0.0,,,,,,,,,,,0.0,0.0,0.0,0.0,0.0,0.0,0.0,0.0,0.0,0.0,0.0,0.0,0.0,0.0,0.0,0.0,0.0,0.0,0.0,0.0,20.0,20.0,20.0,20.0,20.0,1275.0,1275.0,1275.0,1275.0,1275.0,1275.0,1275.0,1275.0,1275.0,1275.0,1275.0,1275.0,1275.0,1275.0,1275.0,0.0,0.0,0.0,0.0,0.0,0.0,0.0,0.0,0.0,0.0
wrong_id_same_service_10pct,strict_service_plus_correlation,1,0.4166666666666667,0.4166666666666667,0.4166666666666667,0.4166666666666667,0.4166666666666667,0.4166666666666667,0.4166666666666667,0.4166666666666667,0.4166666666666667,0.4166666666666667,0.7142857142857143,0.7142857142857143,0.7142857142857143,0.7142857142857143,0.7142857142857143,0.4166666666666667,0.4166666666666667,0.4166666666666667,0.4166666666666667,0.4166666666666667,0.5263157894736842,0.5263157894736842,0.5263157894736842,0.5263157894736842,0.5263157894736842,0.6111111111111112,0.6111111111111112,0.6111111111111112,0.6111111111111112,0.6111111111111112,0.49166666666666664,0.49166666666666664,0.49166666666666664,0.49166666666666664,0.49166666666666664,0.0,0.0,0.0,0.0,0.0,1.0,1.0,1.0,1.0,1.0,0.5083333333333333,0.5083333333333333,0.5083333333333333,0.5083333333333333,0.5083333333333333,10.0,10.0,10.0,10.0,10.0,0.4583333333333333,0.4583333333333333,0.4583333333333333,0.4583333333333333,0.4583333333333333,0.0,0.0,0.0,0.0,0.0,10.0,10.0,10.0,10.0,10.0,1.0,1.0,1.0,1.0,1.0,1.0,1.0,1.0,1.0,1.0,0.0,0.0,0.0,0.0,0.0,0.0,0.0,0.0,0.0,0.0,,,,,,,,,,,66.0,66.0,66.0,66.0,66.0,0.4583333333333333,0.4583333333333333,0.4583333333333333,0.4583333333333333,0.4583333333333333,0.0,0.0,0.0,0.0,0.0,0.0,0.0,0.0,0.0,0.0,10.0,10.0,10.0,10.0,10.0,1275.0,1275.0,1275.0,1275.0,1275.0,1275.0,1275.0,1275.0,1275.0,1275.0,1275.0,1275.0,1275.0,1275.0,1275.0,0.0,0.0,0.0,0.0,0.0,0.0,0.0,0.0,0.0,0.0
wrong_id_same_service_1pct,correlation_id_only_ablation,1,0.9166666666666666,0.9166666666666666,0.9166666666666666,0.9166666666666666,0.9166666666666666,0.9166666666666666,0.9166666666666666,0.9166666666666666,0.9166666666666666,0.9166666666666666,0.9166666666666666,0.9166666666666666,0.9166666666666666,0.9166666666666666,0.9166666666666666,0.9166666666666666,0.9166666666666666,0.9166666666666666,0.9166666666666666,0.9166666666666666,0.9166666666666666,0.9166666666666666,0.9166666666666666,0.9166666666666666,0.9166666666666666,0.9930555555555556,0.9930555555555556,0.9930555555555556,0.9930555555555556,0.9930555555555556,0.013888888888888888,0.013888888888888888,0.013888888888888888,0.013888888888888888,0.013888888888888888,0.01662049861495845,0.01662049861495845,0.01662049861495845,0.01662049861495845,0.01662049861495845,0.9833795013850416,0.9833795013850416,0.9833795013850416,0.9833795013850416,0.9833795013850416,0.9861111111111112,0.9861111111111112,0.9861111111111112,0.9861111111111112,0.9861111111111112,1.0,1.0,1.0,1.0,1.0,0.04861111111111111,0.04861111111111111,0.04861111111111111,0.04861111111111111,0.04861111111111111,1.0,1.0,1.0,1.0,1.0,1.0,1.0,1.0,1.0,1.0,1.0,1.0,1.0,1.0,1.0,1.0,1.0,1.0,1.0,1.0,0.0,0.0,0.0,0.0,0.0,0.0,0.0,0.0,0.0,0.0,,,,,,,,,,,0.0,0.0,0.0,0.0,0.0,0.0,0.0,0.0,0.0,0.0,0.0,0.0,0.0,0.0,0.0,0.0,0.0,0.0,0.0,0.0,22.0,22.0,22.0,22.0,22.0,1275.0,1275.0,1275.0,1275.0,1275.0,1275.0,1275.0,1275.0,1275.0,1275.0,1275.0,1275.0,1275.0,1275.0,1275.0,0.0,0.0,0.0,0.0,0.0,0.0,0.0,0.0,0.0,0.0
wrong_id_same_service_1pct,naive_temporal_window,1,0.8333333333333334,0.8333333333333334,0.8333333333333334,0.8333333333333334,0.8333333333333334,0.8333333333333334,0.8333333333333334,0.8333333333333334,0.8333333333333334,0.8333333333333334,0.8333333333333334,0.8333333333333334,0.8333333333333334,0.8333333333333334,0.8333333333333334,0.8333333333333334,0.8333333333333334,0.8333333333333334,0.8333333333333334,0.8333333333333334,0.8333333333333334,0.8333333333333334,0.8333333333333334,0.8333333333333334,0.8333333333333334,0.9583333333333334,0.9583333333333334,0.9583333333333334,0.9583333333333334,0.9583333333333334,0.05,0.05,0.05,0.05,0.05,0.09523809523809523,0.09523809523809523,0.09523809523809523,0.09523809523809523,0.09523809523809523,0.9047619047619048,0.9047619047619048,0.9047619047619048,0.9047619047619048,0.9047619047619048,0.95,0.95,0.95,0.95,0.95,2.0,2.0,2.0,2.0,2.0,0.125,0.125,0.125,0.125,0.125,2.0,2.0,2.0,2.0,2.0,2.0,2.0,2.0,2.0,2.0,1.0,1.0,1.0,1.0,1.0,1.0,1.0,1.0,1.0,1.0,0.0,0.0,0.0,0.0,0.0,0.0,0.0,0.0,0.0,0.0,,,,,,,,,,,0.0,0.0,0.0,0.0,0.0,0.0,0.0,0.0,0.0,0.0,0.0,0.0,0.0,0.0,0.0,0.0,0.0,0.0,0.0,0.0,20.0,20.0,20.0,20.0,20.0,1275.0,1275.0,1275.0,1275.0,1275.0,1275.0,1275.0,1275.0,1275.0,1275.0,1275.0,1275.0,1275.0,1275.0,1275.0,0.0,0.0,0.0,0.0,0.0,0.0,0.0,0.0,0.0,0.0
wrong_id_same_service_1pct,strict_service_plus_correlation,1,0.9166666666666666,0.9166666666666666,0.9166666666666666,0.9166666666666666,0.9166666666666666,0.9166666666666666,0.9166666666666666,0.9166666666666666,0.9166666666666666,0.9166666666666666,0.9565217391304348,0.9565217391304348,0.9565217391304348,0.9565217391304348,0.9565217391304348,0.9166666666666666,0.9166666666666666,0.9166666666666666,0.9166666666666666,0.9166666666666666,0.9361702127659574,0.9361702127659574,0.9361702127659574,0.9361702127659574,0.9361702127659574,0.9583333333333334,0.9583333333333334,0.9583333333333334,0.9583333333333334,0.9583333333333334,0.05555555555555555,0.05555555555555555,0.05555555555555555,0.05555555555555555,0.05555555555555555,0.0,0.0,0.0,0.0,0.0,1.0,1.0,1.0,1.0,1.0,0.9444444444444444,0.9444444444444444,0.9444444444444444,0.9444444444444444,0.9444444444444444,1.0,1.0,1.0,1.0,1.0,0.04861111111111111,0.04861111111111111,0.04861111111111111,0.04861111111111111,0.04861111111111111,0.0,0.0,0.0,0.0,0.0,1.0,1.0,1.0,1.0,1.0,1.0,1.0,1.0,1.0,1.0,1.0,1.0,1.0,1.0,1.0,0.0,0.0,0.0,0.0,0.0,0.0,0.0,0.0,0.0,0.0,,,,,,,,,,,7.0,7.0,7.0,7.0,7.0,0.04861111111111111,0.04861111111111111,0.04861111111111111,0.04861111111111111,0.04861111111111111,0.0,0.0,0.0,0.0,0.0,0.0,0.0,0.0,0.0,0.0,22.0,22.0,22.0,22.0,22.0,1275.0,1275.0,1275.0,1275.0,1275.0,1275.0,1275.0,1275.0,1275.0,1275.0,1275.0,1275.0,1275.0,1275.0,1275.0,0.0,0.0,0.0,0.0,0.0,0.0,0.0,0.0,0.0,0.0
wrong_id_same_service_20pct,correlation_id_only_ablation,1,0.08333333333333333,0.08333333333333333,0.08333333333333333,0.08333333333333333,0.08333333333333333,0.08333333333333333,0.08333333333333333,0.08333333333333333,0.08333333333333333,0.08333333333333333,0.08333333333333333,0.08333333333333333,0.08333333333333333,0.08333333333333333,0.08333333333333333,0.08333333333333333,0.08333333333333333,0.08333333333333333,0.08333333333333333,0.08333333333333333,0.08333333333333333,0.08333333333333333,0.08333333333333333,0.08333333333333333,0.08333333333333333,0.7986111111111112,0.7986111111111112,0.7986111111111112,0.7986111111111112,0.7986111111111112,0.3611111111111111,0.3611111111111111,0.3611111111111111,0.3611111111111111,0.3611111111111111,0.39947780678851175,0.39947780678851175,0.39947780678851175,0.39947780678851175,0.39947780678851175,0.6005221932114883,0.6005221932114883,0.6005221932114883,0.6005221932114883,0.6005221932114883,0.6388888888888888,0.6388888888888888,0.6388888888888888,0.6388888888888888,0.6388888888888888,16.0,16.0,16.0,16.0,16.0,0.7361111111111112,0.7361111111111112,0.7361111111111112,0.7361111111111112,0.7361111111111112,16.0,16.0,16.0,16.0,16.0,16.0,16.0,16.0,16.0,16.0,1.0,1.0,1.0,1.0,1.0,1.0,1.0,1.0,1.0,1.0,0.0,0.0,0.0,0.0,0.0,0.0,0.0,0.0,0.0,0.0,,,,,,,,,,,0.0,0.0,0.0,0.0,0.0,0.0,0.0,0.0,0.0,0.0,0.0,0.0,0.0,0.0,0.0,0.0,0.0,0.0,0.0,0.0,2.0,2.0,2.0,2.0,2.0,1275.0,1275.0,1275.0,1275.0,1275.0,1275.0,1275.0,1275.0,1275.0,1275.0,1275.0,1275.0,1275.0,1275.0,1275.0,0.0,0.0,0.0,0.0,0.0,0.0,0.0,0.0,0.0,0.0
wrong_id_same_service_20pct,naive_temporal_window,1,0.8333333333333334,0.8333333333333334,0.8333333333333334,0.8333333333333334,0.8333333333333334,0.8333333333333334,0.8333333333333334,0.8333333333333334,0.8333333333333334,0.8333333333333334,0.8333333333333334,0.8333333333333334,0.8333333333333334,0.8333333333333334,0.8333333333333334,0.8333333333333334,0.8333333333333334,0.8333333333333334,0.8333333333333334,0.8333333333333334,0.8333333333333334,0.8333333333333334,0.8333333333333334,0.8333333333333334,0.8333333333333334,0.9583333333333334,0.9583333333333334,0.9583333333333334,0.9583333333333334,0.9583333333333334,0.05,0.05,0.05,0.05,0.05,0.09523809523809523,0.09523809523809523,0.09523809523809523,0.09523809523809523,0.09523809523809523,0.9047619047619048,0.9047619047619048,0.9047619047619048,0.9047619047619048,0.9047619047619048,0.95,0.95,0.95,0.95,0.95,2.0,2.0,2.0,2.0,2.0,0.125,0.125,0.125,0.125,0.125,2.0,2.0,2.0,2.0,2.0,2.0,2.0,2.0,2.0,2.0,1.0,1.0,1.0,1.0,1.0,1.0,1.0,1.0,1.0,1.0,0.0,0.0,0.0,0.0,0.0,0.0,0.0,0.0,0.0,0.0,,,,,,,,,,,0.0,0.0,0.0,0.0,0.0,0.0,0.0,0.0,0.0,0.0,0.0,0.0,0.0,0.0,0.0,0.0,0.0,0.0,0.0,0.0,20.0,20.0,20.0,20.0,20.0,1275.0,1275.0,1275.0,1275.0,1275.0,1275.0,1275.0,1275.0,1275.0,1275.0,1275.0,1275.0,1275.0,1275.0,1275.0,0.0,0.0,0.0,0.0,0.0,0.0,0.0,0.0,0.0,0.0
wrong_id_same_service_20pct,strict_service_plus_correlation,1,0.08333333333333333,0.08333333333333333,0.08333333333333333,0.08333333333333333,0.08333333333333333,0.08333333333333333,0.08333333333333333,0.08333333333333333,0.08333333333333333,0.08333333333333333,0.25,0.25,0.25,0.25,0.25,0.08333333333333333,0.08333333333333333,0.08333333333333333,0.08333333333333333,0.08333333333333333,0.125,0.125,0.125,0.125,0.125,0.375,0.375,0.375,0.375,0.375,0.7888888888888889,0.7888888888888889,0.7888888888888889,0.7888888888888889,0.7888888888888889,0.0,0.0,0.0,0.0,0.0,1.0,1.0,1.0,1.0,1.0,0.2111111111111111,0.2111111111111111,0.2111111111111111,0.2111111111111111,0.2111111111111111,16.0,16.0,16.0,16.0,16.0,0.7361111111111112,0.7361111111111112,0.7361111111111112,0.7361111111111112,0.7361111111111112,0.0,0.0,0.0,0.0,0.0,16.0,16.0,16.0,16.0,16.0,1.0,1.0,1.0,1.0,1.0,1.0,1.0,1.0,1.0,1.0,0.0,0.0,0.0,0.0,0.0,0.0,0.0,0.0,0.0,0.0,,,,,,,,,,,106.0,106.0,106.0,106.0,106.0,0.7361111111111112,0.7361111111111112,0.7361111111111112,0.7361111111111112,0.7361111111111112,0.0,0.0,0.0,0.0,0.0,0.0,0.0,0.0,0.0,0.0,2.0,2.0,2.0,2.0,2.0,1275.0,1275.0,1275.0,1275.0,1275.0,1275.0,1275.0,1275.0,1275.0,1275.0,1275.0,1275.0,1275.0,1275.0,1275.0,0.0,0.0,0.0,0.0,0.0,0.0,0.0,0.0,0.0,0.0
wrong_id_same_service_5pct,correlation_id_only_ablation,1,0.5833333333333334,0.5833333333333334,0.5833333333333334,0.5833333333333334,0.5833333333333334,0.5833333333333334,0.5833333333333334,0.5833333333333334,0.5833333333333334,0.5833333333333334,0.5833333333333334,0.5833333333333334,0.5833333333333334,0.5833333333333334,0.5833333333333334,0.5833333333333334,0.5833333333333334,0.5833333333333334,0.5833333333333334,0.5833333333333334,0.5833333333333334,0.5833333333333334,0.5833333333333334,0.5833333333333334,0.5833333333333334,0.9513888888888888,0.9513888888888888,0.9513888888888888,0.9513888888888888,0.9513888888888888,0.09444444444444444,0.09444444444444444,0.09444444444444444,0.09444444444444444,0.09444444444444444,0.11171662125340599,0.11171662125340599,0.11171662125340599,0.11171662125340599,0.11171662125340599,0.888283378746594,0.888283378746594,0.888283378746594,0.888283378746594,0.888283378746594,0.9055555555555556,0.9055555555555556,0.9055555555555556,0.9055555555555556,0.9055555555555556,6.0,6.0,6.0,6.0,6.0,0.2847222222222222,0.2847222222222222,0.2847222222222222,0.2847222222222222,0.2847222222222222,6.0,6.0,6.0,6.0,6.0,6.0,6.0,6.0,6.0,6.0,1.0,1.0,1.0,1.0,1.0,1.0,1.0,1.0,1.0,1.0,0.0,0.0,0.0,0.0,0.0,0.0,0.0,0.0,0.0,0.0,,,,,,,,,,,0.0,0.0,0.0,0.0,0.0,0.0,0.0,0.0,0.0,0.0,0.0,0.0,0.0,0.0,0.0,0.0,0.0,0.0,0.0,0.0,14.0,14.0,14.0,14.0,14.0,1275.0,1275.0,1275.0,1275.0,1275.0,1275.0,1275.0,1275.0,1275.0,1275.0,1275.0,1275.0,1275.0,1275.0,1275.0,0.0,0.0,0.0,0.0,0.0,0.0,0.0,0.0,0.0,0.0
wrong_id_same_service_5pct,naive_temporal_window,1,0.8333333333333334,0.8333333333333334,0.8333333333333334,0.8333333333333334,0.8333333333333334,0.8333333333333334,0.8333333333333334,0.8333333333333334,0.8333333333333334,0.8333333333333334,0.8333333333333334,0.8333333333333334,0.8333333333333334,0.8333333333333334,0.8333333333333334,0.8333333333333334,0.8333333333333334,0.8333333333333334,0.8333333333333334,0.8333333333333334,0.8333333333333334,0.8333333333333334,0.8333333333333334,0.8333333333333334,0.8333333333333334,0.9583333333333334,0.9583333333333334,0.9583333333333334,0.9583333333333334,0.9583333333333334,0.05,0.05,0.05,0.05,0.05,0.09523809523809523,0.09523809523809523,0.09523809523809523,0.09523809523809523,0.09523809523809523,0.9047619047619048,0.9047619047619048,0.9047619047619048,0.9047619047619048,0.9047619047619048,0.95,0.95,0.95,0.95,0.95,2.0,2.0,2.0,2.0,2.0,0.125,0.125,0.125,0.125,0.125,2.0,2.0,2.0,2.0,2.0,2.0,2.0,2.0,2.0,2.0,1.0,1.0,1.0,1.0,1.0,1.0,1.0,1.0,1.0,1.0,0.0,0.0,0.0,0.0,0.0,0.0,0.0,0.0,0.0,0.0,,,,,,,,,,,0.0,0.0,0.0,0.0,0.0,0.0,0.0,0.0,0.0,0.0,0.0,0.0,0.0,0.0,0.0,0.0,0.0,0.0,0.0,0.0,20.0,20.0,20.0,20.0,20.0,1275.0,1275.0,1275.0,1275.0,1275.0,1275.0,1275.0,1275.0,1275.0,1275.0,1275.0,1275.0,1275.0,1275.0,1275.0,0.0,0.0,0.0,0.0,0.0,0.0,0.0,0.0,0.0,0.0
wrong_id_same_service_5pct,strict_service_plus_correlation,1,0.5833333333333334,0.5833333333333334,0.5833333333333334,0.5833333333333334,0.5833333333333334,0.5833333333333334,0.5833333333333334,0.5833333333333334,0.5833333333333334,0.5833333333333334,0.7777777777777778,0.7777777777777778,0.7777777777777778,0.7777777777777778,0.7777777777777778,0.5833333333333334,0.5833333333333334,0.5833333333333334,0.5833333333333334,0.5833333333333334,0.6666666666666666,0.6666666666666666,0.6666666666666666,0.6666666666666666,0.6666666666666666,0.7569444444444444,0.7569444444444444,0.7569444444444444,0.7569444444444444,0.7569444444444444,0.31666666666666665,0.31666666666666665,0.31666666666666665,0.31666666666666665,0.31666666666666665,0.0,0.0,0.0,0.0,0.0,1.0,1.0,1.0,1.0,1.0,0.6833333333333333,0.6833333333333333,0.6833333333333333,0.6833333333333333,0.6833333333333333,6.0,6.0,6.0,6.0,6.0,0.2847222222222222,0.2847222222222222,0.2847222222222222,0.2847222222222222,0.2847222222222222,0.0,0.0,0.0,0.0,0.0,6.0,6.0,6.0,6.0,6.0,1.0,1.0,1.0,1.0,1.0,1.0,1.0,1.0,1.0,1.0,0.0,0.0,0.0,0.0,0.0,0.0,0.0,0.0,0.0,0.0,,,,,,,,,,,41.0,41.0,41.0,41.0,41.0,0.2847222222222222,0.2847222222222222,0.2847222222222222,0.2847222222222222,0.2847222222222222,0.0,0.0,0.0,0.0,0.0,0.0,0.0,0.0,0.0,0.0,14.0,14.0,14.0,14.0,14.0,1275.0,1275.0,1275.0,1275.0,1275.0,1275.0,1275.0,1275.0,1275.0,1275.0,1275.0,1275.0,1275.0,1275.0,1275.0,0.0,0.0,0.0,0.0,0.0,0.0,0.0,0.0,0.0,0.0
