scenario,algorithm,seed,configured_chain_count,configured_service_count,configured_overlap_fraction,temporal_window_ms,missing_id_events,wrong_id_events,collision_pairs,exact_duplicate_observations,conflicting_duplicate_observations,clock_skewed_events,late_events,jittered_events,truth_chain_count,event_count,canonical_event_count,observation_count,predicted_group_count,predicted_chain_group_count,complete_chain_count,complete_chain_coverage,exact_chain_accuracy,exact_chain_precision,exact_chain_recall,exact_chain_f1,mean_chain_member_coverage,true_join_pair_count,predicted_join_pair_count,correct_join_count,missed_join_count,missed_join_rate,false_join_count,false_join_rate,join_precision,join_recall,ambiguous_group_count,ambiguous_event_count,ambiguous_event_rate,accepted_ambiguous_group_count,detected_ambiguous_group_count,ambiguity_detection_true_positive,ambiguity_detection_false_positive,ambiguity_detection_false_negative,ambiguity_detection_precision,ambiguity_detection_recall,source_conflict_group_count,detected_source_conflict_group_count,source_conflict_detection_precision,source_conflict_detection_recall,abstained_observation_count,abstention_rate,deduplicated_observation_count,deduplication_rate,time_to_completeness_observations,time_to_completeness_p50_ms,time_to_completeness_p95_ms,time_to_completeness_max_ms,arrival_inversion_count,arrival_inversion_rate
control,strict_service_plus_correlation,20260905,24,4,0.25,1500,0,0,0,0,0,0,0,0,24,144,144,144,24,24,24,1.0,1.0,1.0,1.0,1.0,1.0,360,360,360,0,0.0,0,0.0,1.0,1.0,0,0,0.0,0,0,0,0,0,,,0,0,,,0,0.0,0,0.0,24,1275.0,1275.0,1275.0,0,0.0
control,correlation_id_only_ablation,20260905,24,4,0.25,1500,0,0,0,0,0,0,0,0,24,144,144,144,24,24,24,1.0,1.0,1.0,1.0,1.0,1.0,360,360,360,0,0.0,0,0.0,1.0,1.0,0,0,0.0,0,0,0,0,0,,,0,0,,,0,0.0,0,0.0,24,1275.0,1275.0,1275.0,0,0.0
control,naive_temporal_window,20260905,24,4,0.25,1500,0,0,0,0,0,0,0,0,24,144,144,144,24,24,20,0.8333333333333334,0.8333333333333334,0.8333333333333334,0.8333333333333334,0.8333333333333334,0.9583333333333334,360,378,342,18,0.05,36,0.09523809523809523,0.9047619047619048,0.95,2,18,0.125,2,2,2,0,0,1.0,1.0,0,0,,,0,0.0,0,0.0,20,1275.0,1275.0,1275.0,0,0.0
missing_random_1pct,strict_service_plus_correlation,20260905,24,4,0.25,1500,1,0,0,0,0,0,0,0,24,144,144,144,25,24,23,0.9583333333333334,0.9583333333333334,0.9583333333333334,0.9583333333333334,0.9583333333333334,0.9930555555555556,360,355,355,5,0.013888888888888888,0,0.0,1.0,0.9861111111111112,0,0,0.0,0,0,0,0,0,,,0,0,,,1,0.006944444444444444,0,0.0,23,1275.0,1275.0,1275.0,0,0.0
missing_random_1pct,correlation_id_only_ablation,20260905,24,4,0.25,1500,1,0,0,0,0,0,0,0,24,144,144,144,25,24,23,0.9583333333333334,0.9583333333333334,0.9583333333333334,0.9583333333333334,0.9583333333333334,0.9930555555555556,360,355,355,5,0.013888888888888888,0,0.0,1.0,0.9861111111111112,0,0,0.0,0,0,0,0,0,,,0,0,,,1,0.006944444444444444,0,0.0,23,1275.0,1275.0,1275.0,0,0.0
missing_random_1pct,naive_temporal_window,20260905,24,4,0.25,1500,1,0,0,0,0,0,0,0,24,144,144,144,24,24,20,0.8333333333333334,0.8333333333333334,0.8333333333333334,0.8333333333333334,0.8333333333333334,0.9583333333333334,360,378,342,18,0.05,36,0.09523809523809523,0.9047619047619048,0.95,2,18,0.125,2,2,2,0,0,1.0,1.0,0,0,,,0,0.0,0,0.0,20,1275.0,1275.0,1275.0,0,0.0
missing_random_5pct,strict_service_plus_correlation,20260905,24,4,0.25,1500,7,0,0,0,0,0,0,0,24,144,144,144,31,24,17,0.7083333333333334,0.7083333333333334,0.7083333333333334,0.7083333333333334,0.7083333333333334,0.951388888888889,360,325,325,35,0.09722222222222222,0,0.0,1.0,0.9027777777777778,0,0,0.0,0,0,0,0,0,,,0,0,,,7,0.04861111111111111,0,0.0,17,1275.0,1275.0,1275.0,0,0.0
missing_random_5pct,correlation_id_only_ablation,20260905,24,4,0.25,1500,7,0,0,0,0,0,0,0,24,144,144,144,31,24,17,0.7083333333333334,0.7083333333333334,0.7083333333333334,0.7083333333333334,0.7083333333333334,0.951388888888889,360,325,325,35,0.09722222222222222,0,0.0,1.0,0.9027777777777778,0,0,0.0,0,0,0,0,0,,,0,0,,,7,0.04861111111111111,0,0.0,17,1275.0,1275.0,1275.0,0,0.0
missing_random_5pct,naive_temporal_window,20260905,24,4,0.25,1500,7,0,0,0,0,0,0,0,24,144,144,144,24,24,20,0.8333333333333334,0.8333333333333334,0.8333333333333334,0.8333333333333334,0.8333333333333334,0.9583333333333334,360,378,342,18,0.05,36,0.09523809523809523,0.9047619047619048,0.95,2,18,0.125,2,2,2,0,0,1.0,1.0,0,0,,,0,0.0,0,0.0,20,1275.0,1275.0,1275.0,0,0.0
missing_random_10pct,strict_service_plus_correlation,20260905,24,4,0.25,1500,14,0,0,0,0,0,0,0,24,144,144,144,38,24,11,0.4583333333333333,0.4583333333333333,0.4583333333333333,0.4583333333333333,0.4583333333333333,0.9027777777777778,360,291,291,69,0.19166666666666668,0,0.0,1.0,0.8083333333333333,0,0,0.0,0,0,0,0,0,,,0,0,,,14,0.09722222222222222,0,0.0,11,1275.0,1275.0,1275.0,0,0.0
missing_random_10pct,correlation_id_only_ablation,20260905,24,4,0.25,1500,14,0,0,0,0,0,0,0,24,144,144,144,38,24,11,0.4583333333333333,0.4583333333333333,0.4583333333333333,0.4583333333333333,0.4583333333333333,0.9027777777777778,360,291,291,69,0.19166666666666668,0,0.0,1.0,0.8083333333333333,0,0,0.0,0,0,0,0,0,,,0,0,,,14,0.09722222222222222,0,0.0,11,1275.0,1275.0,1275.0,0,0.0
missing_random_10pct,naive_temporal_window,20260905,24,4,0.25,1500,14,0,0,0,0,0,0,0,24,144,144,144,24,24,20,0.8333333333333334,0.8333333333333334,0.8333333333333334,0.8333333333333334,0.8333333333333334,0.9583333333333334,360,378,342,18,0.05,36,0.09523809523809523,0.9047619047619048,0.95,2,18,0.125,2,2,2,0,0,1.0,1.0,0,0,,,0,0.0,0,0.0,20,1275.0,1275.0,1275.0,0,0.0
missing_random_20pct,strict_service_plus_correlation,20260905,24,4,0.25,1500,29,0,0,0,0,0,0,0,24,144,144,144,53,24,4,0.16666666666666666,0.16666666666666666,0.16666666666666666,0.16666666666666666,0.16666666666666666,0.7986111111111112,360,226,226,134,0.37222222222222223,0,0.0,1.0,0.6277777777777778,0,0,0.0,0,0,0,0,0,,,0,0,,,29,0.2013888888888889,0,0.0,4,1275.0,1275.0,1275.0,0,0.0
missing_random_20pct,correlation_id_only_ablation,20260905,24,4,0.25,1500,29,0,0,0,0,0,0,0,24,144,144,144,53,24,4,0.16666666666666666,0.16666666666666666,0.16666666666666666,0.16666666666666666,0.16666666666666666,0.7986111111111112,360,226,226,134,0.37222222222222223,0,0.0,1.0,0.6277777777777778,0,0,0.0,0,0,0,0,0,,,0,0,,,29,0.2013888888888889,0,0.0,4,1275.0,1275.0,1275.0,0,0.0
missing_random_20pct,naive_temporal_window,20260905,24,4,0.25,1500,29,0,0,0,0,0,0,0,24,144,144,144,24,24,20,0.8333333333333334,0.8333333333333334,0.8333333333333334,0.8333333333333334,0.8333333333333334,0.9583333333333334,360,378,342,18,0.05,36,0.09523809523809523,0.9047619047619048,0.95,2,18,0.125,2,2,2,0,0,1.0,1.0,0,0,,,0,0.0,0,0.0,20,1275.0,1275.0,1275.0,0,0.0
wrong_id_same_service_1pct,strict_service_plus_correlation,20260905,24,4,0.25,1500,0,1,0,0,0,0,0,0,24,144,144,144,30,23,22,0.9166666666666666,0.9166666666666666,0.9565217391304348,0.9166666666666666,0.9361702127659574,0.9583333333333334,360,340,340,20,0.05555555555555555,0,0.0,1.0,0.9444444444444444,1,7,0.04861111111111111,0,1,1,0,0,1.0,1.0,0,0,,,7,0.04861111111111111,0,0.0,22,1275.0,1275.0,1275.0,0,0.0
wrong_id_same_service_1pct,correlation_id_only_ablation,20260905,24,4,0.25,1500,0,1,0,0,0,0,0,0,24,144,144,144,24,24,22,0.9166666666666666,0.9166666666666666,0.9166666666666666,0.9166666666666666,0.9166666666666666,0.9930555555555556,360,361,355,5,0.013888888888888888,6,0.01662049861495845,0.9833795013850416,0.9861111111111112,1,7,0.04861111111111111,1,1,1,0,0,1.0,1.0,0,0,,,0,0.0,0,0.0,22,1275.0,1275.0,1275.0,0,0.0
wrong_id_same_service_1pct,naive_temporal_window,20260905,24,4,0.25,1500,0,1,0,0,0,0,0,0,24,144,144,144,24,24,20,0.8333333333333334,0.8333333333333334,0.8333333333333334,0.8333333333333334,0.8333333333333334,0.9583333333333334,360,378,342,18,0.05,36,0.09523809523809523,0.9047619047619048,0.95,2,18,0.125,2,2,2,0,0,1.0,1.0,0,0,,,0,0.0,0,0.0,20,1275.0,1275.0,1275.0,0,0.0
wrong_id_same_service_5pct,strict_service_plus_correlation,20260905,24,4,0.25,1500,0,7,0,0,0,0,0,0,24,144,144,144,59,18,14,0.5833333333333334,0.5833333333333334,0.7777777777777778,0.5833333333333334,0.6666666666666666,0.7569444444444444,360,246,246,114,0.31666666666666665,0,0.0,1.0,0.6833333333333333,6,41,0.2847222222222222,0,6,6,0,0,1.0,1.0,0,0,,,41,0.2847222222222222,0,0.0,14,1275.0,1275.0,1275.0,0,0.0
wrong_id_same_service_5pct,correlation_id_only_ablation,20260905,24,4,0.25,1500,0,7,0,0,0,0,0,0,24,144,144,144,24,24,14,0.5833333333333334,0.5833333333333334,0.5833333333333334,0.5833333333333334,0.5833333333333334,0.9513888888888888,360,367,326,34,0.09444444444444444,41,0.11171662125340599,0.888283378746594,0.9055555555555556,6,41,0.2847222222222222,6,6,6,0,0,1.0,1.0,0,0,,,0,0.0,0,0.0,14,1275.0,1275.0,1275.0,0,0.0
wrong_id_same_service_5pct,naive_temporal_window,20260905,24,4,0.25,1500,0,7,0,0,0,0,0,0,24,144,144,144,24,24,20,0.8333333333333334,0.8333333333333334,0.8333333333333334,0.8333333333333334,0.8333333333333334,0.9583333333333334,360,378,342,18,0.05,36,0.09523809523809523,0.9047619047619048,0.95,2,18,0.125,2,2,2,0,0,1.0,1.0,0,0,,,0,0.0,0,0.0,20,1275.0,1275.0,1275.0,0,0.0
wrong_id_same_service_10pct,strict_service_plus_correlation,20260905,24,4,0.25,1500,0,14,0,0,0,0,0,0,24,144,144,144,80,14,10,0.4166666666666667,0.4166666666666667,0.7142857142857143,0.4166666666666667,0.5263157894736842,0.6111111111111112,360,183,183,177,0.49166666666666664,0,0.0,1.0,0.5083333333333333,10,66,0.4583333333333333,0,10,10,0,0,1.0,1.0,0,0,,,66,0.4583333333333333,0,0.0,10,1275.0,1275.0,1275.0,0,0.0
wrong_id_same_service_10pct,correlation_id_only_ablation,20260905,24,4,0.25,1500,0,14,0,0,0,0,0,0,24,144,144,144,24,24,10,0.4166666666666667,0.4166666666666667,0.4166666666666667,0.4166666666666667,0.4166666666666667,0.9027777777777778,360,372,300,60,0.16666666666666666,72,0.1935483870967742,0.8064516129032258,0.8333333333333334,10,66,0.4583333333333333,10,10,10,0,0,1.0,1.0,0,0,,,0,0.0,0,0.0,10,1275.0,1275.0,1275.0,0,0.0
wrong_id_same_service_10pct,naive_temporal_window,20260905,24,4,0.25,1500,0,14,0,0,0,0,0,0,24,144,144,144,24,24,20,0.8333333333333334,0.8333333333333334,0.8333333333333334,0.8333333333333334,0.8333333333333334,0.9583333333333334,360,378,342,18,0.05,36,0.09523809523809523,0.9047619047619048,0.95,2,18,0.125,2,2,2,0,0,1.0,1.0,0,0,,,0,0.0,0,0.0,20,1275.0,1275.0,1275.0,0,0.0
wrong_id_same_service_20pct,strict_service_plus_correlation,20260905,24,4,0.25,1500,0,29,0,0,0,0,0,0,24,144,144,144,114,8,2,0.08333333333333333,0.08333333333333333,0.25,0.08333333333333333,0.125,0.375,360,76,76,284,0.7888888888888889,0,0.0,1.0,0.2111111111111111,16,106,0.7361111111111112,0,16,16,0,0,1.0,1.0,0,0,,,106,0.7361111111111112,0,0.0,2,1275.0,1275.0,1275.0,0,0.0
wrong_id_same_service_20pct,correlation_id_only_ablation,20260905,24,4,0.25,1500,0,29,0,0,0,0,0,0,24,144,144,144,24,24,2,0.08333333333333333,0.08333333333333333,0.08333333333333333,0.08333333333333333,0.08333333333333333,0.7986111111111112,360,383,230,130,0.3611111111111111,153,0.39947780678851175,0.6005221932114883,0.6388888888888888,16,106,0.7361111111111112,16,16,16,0,0,1.0,1.0,0,0,,,0,0.0,0,0.0,2,1275.0,1275.0,1275.0,0,0.0
wrong_id_same_service_20pct,naive_temporal_window,20260905,24,4,0.25,1500,0,29,0,0,0,0,0,0,24,144,144,144,24,24,20,0.8333333333333334,0.8333333333333334,0.8333333333333334,0.8333333333333334,0.8333333333333334,0.9583333333333334,360,378,342,18,0.05,36,0.09523809523809523,0.9047619047619048,0.95,2,18,0.125,2,2,2,0,0,1.0,1.0,0,0,,,0,0.0,0,0.0,20,1275.0,1275.0,1275.0,0,0.0
missing_plane_deployment,strict_service_plus_correlation,20260905,24,4,0.25,1500,24,0,0,0,0,0,0,0,24,144,144,144,48,24,0,0.0,0.0,0.0,0.0,0.0,0.8333333333333334,360,240,240,120,0.3333333333333333,0,0.0,1.0,0.6666666666666666,0,0,0.0,0,0,0,0,0,,,0,0,,,24,0.16666666666666666,0,0.0,0,,,,0,0.0
missing_plane_deployment,correlation_id_only_ablation,20260905,24,4,0.25,1500,24,0,0,0,0,0,0,0,24,144,144,144,48,24,0,0.0,0.0,0.0,0.0,0.0,0.8333333333333334,360,240,240,120,0.3333333333333333,0,0.0,1.0,0.6666666666666666,0,0,0.0,0,0,0,0,0,,,0,0,,,24,0.16666666666666666,0,0.0,0,,,,0,0.0
missing_plane_deployment,naive_temporal_window,20260905,24,4,0.25,1500,24,0,0,0,0,0,0,0,24,144,144,144,24,24,20,0.8333333333333334,0.8333333333333334,0.8333333333333334,0.8333333333333334,0.8333333333333334,0.9583333333333334,360,378,342,18,0.05,36,0.09523809523809523,0.9047619047619048,0.95,2,18,0.125,2,2,2,0,0,1.0,1.0,0,0,,,0,0.0,0,0.0,20,1275.0,1275.0,1275.0,0,0.0
missing_plane_identity,strict_service_plus_correlation,20260905,24,4,0.25,1500,24,0,0,0,0,0,0,0,24,144,144,144,48,24,0,0.0,0.0,0.0,0.0,0.0,0.8333333333333334,360,240,240,120,0.3333333333333333,0,0.0,1.0,0.6666666666666666,0,0,0.0,0,0,0,0,0,,,0,0,,,24,0.16666666666666666,0,0.0,0,,,,0,0.0
missing_plane_identity,correlation_id_only_ablation,20260905,24,4,0.25,1500,24,0,0,0,0,0,0,0,24,144,144,144,48,24,0,0.0,0.0,0.0,0.0,0.0,0.8333333333333334,360,240,240,120,0.3333333333333333,0,0.0,1.0,0.6666666666666666,0,0,0.0,0,0,0,0,0,,,0,0,,,24,0.16666666666666666,0,0.0,0,,,,0,0.0
missing_plane_identity,naive_temporal_window,20260905,24,4,0.25,1500,24,0,0,0,0,0,0,0,24,144,144,144,24,24,20,0.8333333333333334,0.8333333333333334,0.8333333333333334,0.8333333333333334,0.8333333333333334,0.9583333333333334,360,378,342,18,0.05,36,0.09523809523809523,0.9047619047619048,0.95,2,18,0.125,2,2,2,0,0,1.0,1.0,0,0,,,0,0.0,0,0.0,20,1275.0,1275.0,1275.0,0,0.0
missing_plane_policy,strict_service_plus_correlation,20260905,24,4,0.25,1500,24,0,0,0,0,0,0,0,24,144,144,144,48,24,0,0.0,0.0,0.0,0.0,0.0,0.8333333333333334,360,240,240,120,0.3333333333333333,0,0.0,1.0,0.6666666666666666,0,0,0.0,0,0,0,0,0,,,0,0,,,24,0.16666666666666666,0,0.0,0,,,,0,0.0
missing_plane_policy,correlation_id_only_ablation,20260905,24,4,0.25,1500,24,0,0,0,0,0,0,0,24,144,144,144,48,24,0,0.0,0.0,0.0,0.0,0.0,0.8333333333333334,360,240,240,120,0.3333333333333333,0,0.0,1.0,0.6666666666666666,0,0,0.0,0,0,0,0,0,,,0,0,,,24,0.16666666666666666,0,0.0,0,,,,0,0.0
missing_plane_policy,naive_temporal_window,20260905,24,4,0.25,1500,24,0,0,0,0,0,0,0,24,144,144,144,24,24,20,0.8333333333333334,0.8333333333333334,0.8333333333333334,0.8333333333333334,0.8333333333333334,0.9583333333333334,360,378,342,18,0.05,36,0.09523809523809523,0.9047619047619048,0.95,2,18,0.125,2,2,2,0,0,1.0,1.0,0,0,,,0,0.0,0,0.0,20,1275.0,1275.0,1275.0,0,0.0
missing_plane_telemetry,strict_service_plus_correlation,20260905,24,4,0.25,1500,24,0,0,0,0,0,0,0,24,144,144,144,48,24,0,0.0,0.0,0.0,0.0,0.0,0.8333333333333334,360,240,240,120,0.3333333333333333,0,0.0,1.0,0.6666666666666666,0,0,0.0,0,0,0,0,0,,,0,0,,,24,0.16666666666666666,0,0.0,0,,,,0,0.0
missing_plane_telemetry,correlation_id_only_ablation,20260905,24,4,0.25,1500,24,0,0,0,0,0,0,0,24,144,144,144,48,24,0,0.0,0.0,0.0,0.0,0.0,0.8333333333333334,360,240,240,120,0.3333333333333333,0,0.0,1.0,0.6666666666666666,0,0,0.0,0,0,0,0,0,,,0,0,,,24,0.16666666666666666,0,0.0,0,,,,0,0.0
missing_plane_telemetry,naive_temporal_window,20260905,24,4,0.25,1500,24,0,0,0,0,0,0,0,24,144,144,144,24,24,20,0.8333333333333334,0.8333333333333334,0.8333333333333334,0.8333333333333334,0.8333333333333334,0.9583333333333334,360,378,342,18,0.05,36,0.09523809523809523,0.9047619047619048,0.95,2,18,0.125,2,2,2,0,0,1.0,1.0,0,0,,,0,0.0,0,0.0,20,1275.0,1275.0,1275.0,0,0.0
missing_plane_incident,strict_service_plus_correlation,20260905,24,4,0.25,1500,24,0,0,0,0,0,0,0,24,144,144,144,48,24,0,0.0,0.0,0.0,0.0,0.0,0.8333333333333334,360,240,240,120,0.3333333333333333,0,0.0,1.0,0.6666666666666666,0,0,0.0,0,0,0,0,0,,,0,0,,,24,0.16666666666666666,0,0.0,0,,,,0,0.0
missing_plane_incident,correlation_id_only_ablation,20260905,24,4,0.25,1500,24,0,0,0,0,0,0,0,24,144,144,144,48,24,0,0.0,0.0,0.0,0.0,0.0,0.8333333333333334,360,240,240,120,0.3333333333333333,0,0.0,1.0,0.6666666666666666,0,0,0.0,0,0,0,0,0,,,0,0,,,24,0.16666666666666666,0,0.0,0,,,,0,0.0
missing_plane_incident,naive_temporal_window,20260905,24,4,0.25,1500,24,0,0,0,0,0,0,0,24,144,144,144,24,24,20,0.8333333333333334,0.8333333333333334,0.8333333333333334,0.8333333333333334,0.8333333333333334,0.9583333333333334,360,378,342,18,0.05,36,0.09523809523809523,0.9047619047619048,0.95,2,18,0.125,2,2,2,0,0,1.0,1.0,0,0,,,0,0.0,0,0.0,20,1275.0,1275.0,1275.0,0,0.0
missing_plane_recovery,strict_service_plus_correlation,20260905,24,4,0.25,1500,24,0,0,0,0,0,0,0,24,144,144,144,48,24,0,0.0,0.0,0.0,0.0,0.0,0.8333333333333334,360,240,240,120,0.3333333333333333,0,0.0,1.0,0.6666666666666666,0,0,0.0,0,0,0,0,0,,,0,0,,,24,0.16666666666666666,0,0.0,0,,,,0,0.0
missing_plane_recovery,correlation_id_only_ablation,20260905,24,4,0.25,1500,24,0,0,0,0,0,0,0,24,144,144,144,48,24,0,0.0,0.0,0.0,0.0,0.0,0.8333333333333334,360,240,240,120,0.3333333333333333,0,0.0,1.0,0.6666666666666666,0,0,0.0,0,0,0,0,0,,,0,0,,,24,0.16666666666666666,0,0.0,0,,,,0,0.0
missing_plane_recovery,naive_temporal_window,20260905,24,4,0.25,1500,24,0,0,0,0,0,0,0,24,144,144,144,24,24,20,0.8333333333333334,0.8333333333333334,0.8333333333333334,0.8333333333333334,0.8333333333333334,0.9583333333333334,360,378,342,18,0.05,36,0.09523809523809523,0.9047619047619048,0.95,2,18,0.125,2,2,2,0,0,1.0,1.0,0,0,,,0,0.0,0,0.0,20,1275.0,1275.0,1275.0,0,0.0
collision_same_service_1pct,strict_service_plus_correlation,20260905,24,4,0.25,1500,0,0,0,0,0,0,0,0,24,144,144,144,24,24,24,1.0,1.0,1.0,1.0,1.0,1.0,360,360,360,0,0.0,0,0.0,1.0,1.0,0,0,0.0,0,0,0,0,0,,,0,0,,,0,0.0,0,0.0,24,1275.0,1275.0,1275.0,0,0.0
collision_same_service_1pct,correlation_id_only_ablation,20260905,24,4,0.25,1500,0,0,0,0,0,0,0,0,24,144,144,144,24,24,24,1.0,1.0,1.0,1.0,1.0,1.0,360,360,360,0,0.0,0,0.0,1.0,1.0,0,0,0.0,0,0,0,0,0,,,0,0,,,0,0.0,0,0.0,24,1275.0,1275.0,1275.0,0,0.0
collision_same_service_1pct,naive_temporal_window,20260905,24,4,0.25,1500,0,0,0,0,0,0,0,0,24,144,144,144,24,24,20,0.8333333333333334,0.8333333333333334,0.8333333333333334,0.8333333333333334,0.8333333333333334,0.9583333333333334,360,378,342,18,0.05,36,0.09523809523809523,0.9047619047619048,0.95,2,18,0.125,2,2,2,0,0,1.0,1.0,0,0,,,0,0.0,0,0.0,20,1275.0,1275.0,1275.0,0,0.0
collision_same_service_5pct,strict_service_plus_correlation,20260905,24,4,0.25,1500,0,0,1,0,0,0,0,0,24,144,144,144,34,22,22,0.9166666666666666,0.9166666666666666,1.0,0.9166666666666666,0.9565217391304348,0.9305555555555556,360,330,330,30,0.08333333333333333,0,0.0,1.0,0.9166666666666666,1,12,0.08333333333333333,0,1,1,0,0,1.0,1.0,0,0,,,12,0.08333333333333333,0,0.0,22,1275.0,1275.0,1275.0,0,0.0
collision_same_service_5pct,correlation_id_only_ablation,20260905,24,4,0.25,1500,0,0,1,0,0,0,0,0,24,144,144,144,23,23,22,0.9166666666666666,0.9166666666666666,0.9565217391304348,0.9166666666666666,0.9361702127659574,1.0,360,396,360,0,0.0,36,0.09090909090909091,0.9090909090909091,1.0,1,12,0.08333333333333333,1,1,1,0,0,1.0,1.0,0,0,,,0,0.0,0,0.0,22,1275.0,1275.0,1275.0,0,0.0
collision_same_service_5pct,naive_temporal_window,20260905,24,4,0.25,1500,0,0,1,0,0,0,0,0,24,144,144,144,24,24,20,0.8333333333333334,0.8333333333333334,0.8333333333333334,0.8333333333333334,0.8333333333333334,0.9583333333333334,360,378,342,18,0.05,36,0.09523809523809523,0.9047619047619048,0.95,2,18,0.125,2,2,2,0,0,1.0,1.0,0,0,,,0,0.0,0,0.0,20,1275.0,1275.0,1275.0,0,0.0
collision_same_service_10pct,strict_service_plus_correlation,20260905,24,4,0.25,1500,0,0,2,0,0,0,0,0,24,144,144,144,44,20,20,0.8333333333333334,0.8333333333333334,1.0,0.8333333333333334,0.9090909090909091,0.8611111111111112,360,300,300,60,0.16666666666666666,0,0.0,1.0,0.8333333333333334,2,24,0.16666666666666666,0,2,2,0,0,1.0,1.0,0,0,,,24,0.16666666666666666,0,0.0,20,1275.0,1275.0,1275.0,0,0.0
collision_same_service_10pct,correlation_id_only_ablation,20260905,24,4,0.25,1500,0,0,2,0,0,0,0,0,24,144,144,144,22,22,20,0.8333333333333334,0.8333333333333334,0.9090909090909091,0.8333333333333334,0.8695652173913043,1.0,360,432,360,0,0.0,72,0.16666666666666666,0.8333333333333334,1.0,2,24,0.16666666666666666,2,2,2,0,0,1.0,1.0,0,0,,,0,0.0,0,0.0,20,1275.0,1275.0,1275.0,0,0.0
collision_same_service_10pct,naive_temporal_window,20260905,24,4,0.25,1500,0,0,2,0,0,0,0,0,24,144,144,144,24,24,20,0.8333333333333334,0.8333333333333334,0.8333333333333334,0.8333333333333334,0.8333333333333334,0.9583333333333334,360,378,342,18,0.05,36,0.09523809523809523,0.9047619047619048,0.95,2,18,0.125,2,2,2,0,0,1.0,1.0,0,0,,,0,0.0,0,0.0,20,1275.0,1275.0,1275.0,0,0.0
collision_cross_service_5pct,strict_service_plus_correlation,20260905,24,4,0.25,1500,0,0,1,0,0,0,0,0,24,144,144,144,24,24,24,1.0,1.0,1.0,1.0,1.0,1.0,360,360,360,0,0.0,0,0.0,1.0,1.0,0,0,0.0,0,0,0,0,0,,,0,0,,,0,0.0,0,0.0,24,1275.0,1275.0,1275.0,0,0.0
collision_cross_service_5pct,correlation_id_only_ablation,20260905,24,4,0.25,1500,0,0,1,0,0,0,0,0,24,144,144,144,23,23,22,0.9166666666666666,0.9166666666666666,0.9565217391304348,0.9166666666666666,0.9361702127659574,1.0,360,396,360,0,0.0,36,0.09090909090909091,0.9090909090909091,1.0,1,12,0.08333333333333333,1,1,1,0,0,1.0,1.0,0,0,,,0,0.0,0,0.0,22,1275.0,1275.0,1275.0,0,0.0
collision_cross_service_5pct,naive_temporal_window,20260905,24,4,0.25,1500,0,0,1,0,0,0,0,0,24,144,144,144,24,24,20,0.8333333333333334,0.8333333333333334,0.8333333333333334,0.8333333333333334,0.8333333333333334,0.9583333333333334,360,378,342,18,0.05,36,0.09523809523809523,0.9047619047619048,0.95,2,18,0.125,2,2,2,0,0,1.0,1.0,0,0,,,0,0.0,0,0.0,20,1275.0,1275.0,1275.0,0,0.0
duplicate_exact_10pct,strict_service_plus_correlation,20260905,24,4,0.25,1500,0,0,0,14,0,0,0,0,24,144,144,158,24,24,24,1.0,1.0,1.0,1.0,1.0,1.0,360,360,360,0,0.0,0,0.0,1.0,1.0,0,0,0.0,0,0,0,0,0,,,0,0,,,0,0.0,14,0.08860759493670886,24,1275.0,1275.0,1275.0,0,0.0
duplicate_exact_10pct,correlation_id_only_ablation,20260905,24,4,0.25,1500,0,0,0,14,0,0,0,0,24,144,144,158,24,24,24,1.0,1.0,1.0,1.0,1.0,1.0,360,360,360,0,0.0,0,0.0,1.0,1.0,0,0,0.0,0,0,0,0,0,,,0,0,,,0,0.0,14,0.08860759493670886,24,1275.0,1275.0,1275.0,0,0.0
duplicate_exact_10pct,naive_temporal_window,20260905,24,4,0.25,1500,0,0,0,14,0,0,0,0,24,144,144,158,24,24,20,0.8333333333333334,0.8333333333333334,0.8333333333333334,0.8333333333333334,0.8333333333333334,0.9583333333333334,360,378,342,18,0.05,36,0.09523809523809523,0.9047619047619048,0.95,2,18,0.125,2,2,2,0,0,1.0,1.0,0,0,,,0,0.0,14,0.08860759493670886,20,1275.0,1275.0,1275.0,0,0.0
duplicate_source_conflict_5pct,strict_service_plus_correlation,20260905,24,4,0.25,1500,0,0,0,0,7,0,0,0,24,144,144,151,38,24,17,0.7083333333333334,0.7083333333333334,0.7083333333333334,0.7083333333333334,0.7083333333333334,0.951388888888889,360,325,325,35,0.09722222222222222,0,0.0,1.0,0.9027777777777778,0,0,0.0,0,0,0,0,0,,,7,7,1.0,1.0,14,0.09271523178807947,0,0.0,17,1275.0,1275.0,1275.0,0,0.0
duplicate_source_conflict_5pct,correlation_id_only_ablation,20260905,24,4,0.25,1500,0,0,0,0,7,0,0,0,24,144,144,151,24,24,17,0.7083333333333334,0.7083333333333334,0.7083333333333334,0.7083333333333334,0.7083333333333334,1.0,360,402,360,0,0.0,42,0.1044776119402985,0.8955223880597015,1.0,0,0,0.0,0,7,0,7,0,0.0,,7,7,1.0,1.0,0,0.0,0,0.0,17,1275.0,1275.0,1275.0,0,0.0
duplicate_source_conflict_5pct,naive_temporal_window,20260905,24,4,0.25,1500,0,0,0,0,7,0,0,0,24,144,144,151,24,24,14,0.5833333333333334,0.5833333333333334,0.5833333333333334,0.5833333333333334,0.5833333333333334,0.9583333333333334,360,423,342,18,0.05,81,0.19148936170212766,0.8085106382978723,0.95,2,18,0.125,2,8,2,6,0,0.25,1.0,7,7,1.0,1.0,0,0.0,0,0.0,14,1275.0,1275.0,1275.0,0,0.0
clock_skew_random_10pct_5s,strict_service_plus_correlation,20260905,24,4,0.25,1500,0,0,0,0,0,14,0,0,24,144,144,144,74,14,14,0.5833333333333334,0.5833333333333334,1.0,0.5833333333333334,0.7368421052631579,0.6527777777777778,360,210,210,150,0.4166666666666667,0,0.0,1.0,0.5833333333333334,0,0,0.0,0,10,0,10,0,0.0,,0,0,,,60,0.4166666666666667,0,0.0,14,1275.0,1275.0,1275.0,0,0.0
clock_skew_random_10pct_5s,correlation_id_only_ablation,20260905,24,4,0.25,1500,0,0,0,0,0,14,0,0,24,144,144,144,24,24,24,1.0,1.0,1.0,1.0,1.0,1.0,360,360,360,0,0.0,0,0.0,1.0,1.0,0,0,0.0,0,10,0,10,0,0.0,,0,0,,,0,0.0,0,0.0,24,1275.0,1275.0,1275.0,0,0.0
clock_skew_random_10pct_5s,naive_temporal_window,20260905,24,4,0.25,1500,0,0,0,0,0,14,0,0,24,144,144,144,33,27,11,0.4583333333333333,0.4583333333333333,0.4074074074074074,0.4583333333333333,0.4313725490196078,0.8611111111111112,360,317,281,79,0.21944444444444444,36,0.11356466876971609,0.886435331230284,0.7805555555555556,4,22,0.1527777777777778,4,2,2,0,2,1.0,0.5,0,0,,,0,0.0,0,0.0,11,1275.0,1275.0,1275.0,0,0.0
late_arrival_10pct_30s,strict_service_plus_correlation,20260905,24,4,0.25,1500,0,0,0,0,0,0,14,0,24,144,144,144,24,24,24,1.0,1.0,1.0,1.0,1.0,1.0,360,360,360,0,0.0,0,0.0,1.0,1.0,0,0,0.0,0,0,0,0,0,,,0,0,,,0,0.0,0,0.0,24,15650.0,31025.0,31275.0,754,0.07323232323232323
late_arrival_10pct_30s,correlation_id_only_ablation,20260905,24,4,0.25,1500,0,0,0,0,0,0,14,0,24,144,144,144,24,24,24,1.0,1.0,1.0,1.0,1.0,1.0,360,360,360,0,0.0,0,0.0,1.0,1.0,0,0,0.0,0,0,0,0,0,,,0,0,,,0,0.0,0,0.0,24,15650.0,31025.0,31275.0,754,0.07323232323232323
late_arrival_10pct_30s,naive_temporal_window,20260905,24,4,0.25,1500,0,0,0,0,0,0,14,0,24,144,144,144,24,24,20,0.8333333333333334,0.8333333333333334,0.8333333333333334,0.8333333333333334,0.8333333333333334,0.9583333333333334,360,378,342,18,0.05,36,0.09523809523809523,0.9047619047619048,0.95,2,18,0.125,2,2,2,0,0,1.0,1.0,0,0,,,0,0.0,0,0.0,20,15650.0,31037.5,31275.0,754,0.07323232323232323
out_of_order_jitter_3s,strict_service_plus_correlation,20260905,24,4,0.25,1500,0,0,0,0,0,0,0,144,24,144,144,144,24,24,24,1.0,1.0,1.0,1.0,1.0,1.0,360,360,360,0,0.0,0,0.0,1.0,1.0,0,0,0.0,0,0,0,0,0,,,0,0,,,0,0.0,0,0.0,24,3426.0,3999.9999999999995,4221.0,691,0.06711344211344211
out_of_order_jitter_3s,correlation_id_only_ablation,20260905,24,4,0.25,1500,0,0,0,0,0,0,0,144,24,144,144,144,24,24,24,1.0,1.0,1.0,1.0,1.0,1.0,360,360,360,0,0.0,0,0.0,1.0,1.0,0,0,0.0,0,0,0,0,0,,,0,0,,,0,0.0,0,0.0,24,3426.0,3999.9999999999995,4221.0,691,0.06711344211344211
out_of_order_jitter_3s,naive_temporal_window,20260905,24,4,0.25,1500,0,0,0,0,0,0,0,144,24,144,144,144,24,24,20,0.8333333333333334,0.8333333333333334,0.8333333333333334,0.8333333333333334,0.8333333333333334,0.9583333333333334,360,378,342,18,0.05,36,0.09523809523809523,0.9047619047619048,0.95,2,18,0.125,2,2,2,0,0,1.0,1.0,0,0,,,0,0.0,0,0.0,20,3396.0,3806.3,4021.0,691,0.06711344211344211
compound_adversarial,strict_service_plus_correlation,20260905,24,4,0.25,1500,14,0,1,0,0,0,14,144,24,144,144,144,43,22,14,0.5833333333333334,0.5833333333333334,0.6363636363636364,0.5833333333333334,0.6086956521739131,0.8680555555555556,360,286,286,74,0.20555555555555555,0,0.0,1.0,0.7944444444444444,1,7,0.04861111111111111,0,1,1,0,0,1.0,1.0,0,0,,,21,0.14583333333333334,0,0.0,14,17543.5,32619.75,32883.0,1023,0.09935897435897435
compound_adversarial,correlation_id_only_ablation,20260905,24,4,0.25,1500,14,0,1,0,0,0,14,144,24,144,144,144,37,23,14,0.5833333333333334,0.5833333333333334,0.6086956521739131,0.5833333333333334,0.5957446808510638,0.9027777777777778,360,307,297,63,0.175,10,0.03257328990228013,0.9674267100977199,0.825,1,7,0.04861111111111111,1,1,1,0,0,1.0,1.0,0,0,,,14,0.09722222222222222,0,0.0,14,17543.5,32619.75,32883.0,1023,0.09935897435897435
compound_adversarial,naive_temporal_window,20260905,24,4,0.25,1500,14,0,1,0,0,0,14,144,24,144,144,144,24,24,20,0.8333333333333334,0.8333333333333334,0.8333333333333334,0.8333333333333334,0.8333333333333334,0.9583333333333334,360,378,342,18,0.05,36,0.09523809523809523,0.9047619047619048,0.95,2,18,0.125,2,2,2,0,0,1.0,1.0,0,0,,,0,0.0,0,0.0,20,30819.5,32821.25,32883.0,1023,0.09935897435897435
